Id,Player,Said,To,In response to,Created at
204762,Player #39584,Hello AQS,ubc air quality sensor,,2021-10-07 22:25:26 UTC
204565,Player #39541,Ramp amp mp p,ubc air quality sensor,What do you think RAMP stands for?,2021-10-07 00:10:13 UTC
204564,Player #39541,Yes,ubc air quality sensor,"Do you see an idling (running, but not moving) bus or vehicle? (Yes, No)",2021-10-07 00:09:58 UTC
204563,Player #39541,I don't know,ubc air quality sensor,Why do you think I have been put here?,2021-10-07 00:09:48 UTC
204562,Player #39541,Low-risk,ubc air quality sensor,"Do you think UBC's campus has been deemed 'Low-Risk' or 'High-Risk', by British Columbia's Air Quality Health Index? ",2021-10-07 00:09:35 UTC
204561,Player #39541,No,ubc air quality sensor,"Do you suffer from asthma attacks? (Yes, No)",2021-10-07 00:08:09 UTC
204560,Player #39541,Hello AQS #5,ubc air quality sensor,,2021-10-07 00:04:42 UTC
204557,Player #39538,Hello AQS #8,ubc air quality sensor,,2021-10-06 23:11:14 UTC
204249,Player #39473,HELLO AQS #6,ubc air quality sensor,,2021-10-06 00:31:22 UTC
204151,Player #39456,HELLO AQS #5,ubc air quality sensor,,2021-10-05 16:11:46 UTC
203958,Player #39416,No,ubc air quality sensor,"Do you drive to campus? 🚗 (Yes, No)",2021-10-03 18:18:23 UTC
203957,Player #39416,No,ubc air quality sensor,"Do you suffer from asthma attacks? (Yes, No)",2021-10-03 18:18:07 UTC
203956,Player #39416,No,ubc air quality sensor,"Do you see an idling (running, but not moving) bus or vehicle? (Yes, No)",2021-10-03 18:17:55 UTC
203955,Player #39416,Hello AQS #5,ubc air quality sensor,,2021-10-03 18:17:27 UTC
203848,Player #39397,Hello AQS #6,ubc air quality sensor,,2021-10-03 03:41:44 UTC
203758,Player #39374,To observe the facts about air quality at ubc,ubc air quality sensor,Why do you think I have been put here?,2021-10-01 23:55:58 UTC
203757,Player #39374,Low risk,ubc air quality sensor,"Do you think UBC's campus has been deemed 'Low-Risk' or 'High-Risk', by British Columbia's Air Quality Health Index? ",2021-10-01 23:55:16 UTC
203756,Player #39374,Hello AQS #5,ubc air quality sensor,,2021-10-01 22:55:59 UTC
203703,Player #39361,Hello AQS #4,ubc air quality sensor,,2021-10-01 09:54:06 UTC
203702,Player #39360,Yes,ubc air quality sensor,"Do you drive to campus? 🚗 (Yes, No)",2021-10-01 09:51:22 UTC
203701,Player #39360,Yes,ubc air quality sensor,"Do you like to get involved in recreational activities around UBC? (Yes, No)",2021-10-01 09:51:20 UTC
203700,Player #39360,Yes,ubc air quality sensor,"Do you suffer from asthma attacks? (Yes, No)",2021-10-01 09:51:17 UTC
203699,Player #39360,Yes,ubc air quality sensor,"Do you see an idling (running, but not moving) bus or vehicle? (Yes, No)",2021-10-01 09:51:14 UTC
203698,Player #39360,I'm not sure,ubc air quality sensor,What do you think RAMP stands for?,2021-10-01 09:51:10 UTC
203697,Player #39360,Hello AQS #7,ubc air quality sensor,,2021-10-01 09:51:06 UTC
203696,Player #39360,Hello AQS #2,ubc air quality sensor,,2021-10-01 09:50:40 UTC
202854,Player #39197,Hello AQS #1,ubc air quality sensor,,2021-09-26 01:14:19 UTC
202853,Player #39196,Hello AQS #1,ubc air quality sensor,,2021-09-26 01:04:28 UTC
202747,Player #39167,Low-Risk',ubc air quality sensor,"Do you think UBC's campus has been deemed 'Low-Risk' or 'High-Risk', by British Columbia's Air Quality Health Index? ",2021-09-25 09:45:03 UTC
202746,Player #39167,CO2,ubc air quality sensor,I'm here to identify different sources of pollution - can you name any?,2021-09-25 09:44:53 UTC
202745,Player #39167,No,ubc air quality sensor,"Do you suffer from asthma attacks? (Yes, No)",2021-09-25 09:44:43 UTC
202744,Player #39167,No,ubc air quality sensor,"Do you drive to campus? 🚗 (Yes, No)",2021-09-25 09:44:30 UTC
202743,Player #39167,Random air molecule partition,ubc air quality sensor,What do you think RAMP stands for?,2021-09-25 09:44:19 UTC
202737,Player #39167,HELLO AQS #4,ubc air quality sensor,,2021-09-25 08:53:55 UTC
202700,Player #35161,Oil pollution,ubc air quality sensor,I'm here to identify different sources of pollution - can you name any?,2021-09-24 19:13:08 UTC
202699,Player #35161,No,ubc air quality sensor,"Do you drive to campus? 🚗 (Yes, No)",2021-09-24 19:12:39 UTC
202698,Player #35161,Rcg f,ubc air quality sensor,"Do you see an idling (running, but not moving) bus or vehicle? (Yes, No)",2021-09-24 19:12:29 UTC
202697,Player #35161,Royal Air mom police,ubc air quality sensor,What do you think RAMP stands for?,2021-09-24 19:12:05 UTC
202696,Player #35161,No,ubc air quality sensor,"Do you suffer from asthma attacks? (Yes, No)",2021-09-24 19:11:03 UTC
202695,Player #35161,HELLO AQS #6,ubc air quality sensor,,2021-09-24 19:10:49 UTC
202524,Player #39138,Hello AQS #5,ubc air quality sensor,,2021-09-23 22:38:28 UTC
202522,Player #39136,Hello AQS #7,ubc air quality sensor,,2021-09-23 20:04:37 UTC
202193,Player #39097,No,ubc air quality sensor,"Do you suffer from asthma attacks? (Yes, No)",2021-09-23 06:48:36 UTC
202192,Player #39097,No,ubc air quality sensor,"Do you see an idling (running, but not moving) bus or vehicle? (Yes, No)",2021-09-23 06:48:26 UTC
202191,Player #39097,Low Risk,ubc air quality sensor,"Do you think UBC's campus has been deemed 'Low-Risk' or 'High-Risk', by British Columbia's Air Quality Health Index? ",2021-09-23 06:48:01 UTC
202190,Player #39097,Air quality sensor,ubc air quality sensor,Why do you think I have been put here?,2021-09-23 06:47:35 UTC
202189,Player #39097,Yes,ubc air quality sensor,"Do you like to get involved in recreational activities around UBC? (Yes, No)",2021-09-23 06:47:00 UTC
202188,Player #39097,Hello AQS #5,ubc air quality sensor,,2021-09-23 06:46:33 UTC
201834,Player #39023,Hello AQS #5,ubc air quality sensor,,2021-09-21 20:04:56 UTC
201625,Player #38988,Hello AQS #5,ubc air quality sensor,,2021-09-20 21:54:24 UTC
201615,Player #38983,Hello aqs #6,ubc air quality sensor,,2021-09-20 19:10:39 UTC
201533,Player #38959,To inform interested people of air quality on campus,ubc air quality sensor,Why do you think I have been put here?,2021-09-19 21:51:51 UTC
201532,Player #38959,No,ubc air quality sensor,"Do you suffer from asthma attacks? (Yes, No)",2021-09-19 21:51:03 UTC
201531,Player #38959,Yes,ubc air quality sensor,"Do you see an idling (running, but not moving) bus or vehicle? (Yes, No)",2021-09-19 21:50:54 UTC
201530,Player #38959,K,ubc air quality sensor,What do you think RAMP stands for?,2021-09-19 21:50:36 UTC
201529,Player #38959,Low-Ris,ubc air quality sensor,"Do you think UBC's campus has been deemed 'Low-Risk' or 'High-Risk', by British Columbia's Air Quality Health Index? ",2021-09-19 21:50:35 UTC
201528,Player #38959,Hello AQS #6,ubc air quality sensor,,2021-09-19 21:49:53 UTC
201389,Player #38925,HELLO AQS #5,ubc air quality sensor,,2021-09-18 21:32:48 UTC
200013,Player #38634,Hello AQS #6,ubc air quality sensor,,2021-09-12 21:30:25 UTC
200009,Player #38630,HELLO AQS #6,ubc air quality sensor,,2021-09-12 17:24:22 UTC
199734,Player #38558,Hello AQS #5,ubc air quality sensor,,2021-09-09 21:42:43 UTC
199568,Player #38528,Hello AQS#7,ubc air quality sensor,,2021-09-09 02:45:40 UTC
199376,Player #38463,HELLO AQS #7,ubc air quality sensor,,2021-09-06 23:16:26 UTC
199210,Player #38425,"Poor visibility, scent, etc",ubc air quality sensor,What are indicators of poor air quality?,2021-09-06 03:39:45 UTC
199209,Player #38425,Rough American major potty,ubc air quality sensor,What do you think RAMP stands for?,2021-09-06 03:39:26 UTC
199208,Player #38425,Forest fires,ubc air quality sensor,"In your opinion, which environmental impact is of most concern to UBC/Vancouver? 🌍",2021-09-06 03:38:55 UTC
199207,Player #38425,Yes,ubc air quality sensor,"Would you like to receive notifications about air quality via your mobile phone? 📲 (Yes, No)",2021-09-06 03:38:40 UTC
199206,Player #38425,Yes,ubc air quality sensor,"Do you like to get involved in recreational activities around UBC? (Yes, No)",2021-09-06 03:38:26 UTC
199205,Player #38425,Hello AQS #7,ubc air quality sensor,,2021-09-06 03:37:50 UTC
199128,Player #38403,Hello AQS #4,ubc air quality sensor,,2021-09-05 18:45:24 UTC
199029,Player #38388,Hello AQS #6,ubc air quality sensor,,2021-09-05 05:20:02 UTC
198918,Player #24377,Every week,ubc air quality sensor,How often do you think about air pollution and the dangers it has on your health?,2021-09-04 01:46:54 UTC
198917,Player #24377,Loss of forest cover,ubc air quality sensor,What environmental impact should be of most concern to UBC/Vancouver? 🌍,2021-09-04 01:46:43 UTC
198916,Player #24377,Hello AQS #2,ubc air quality sensor,,2021-09-04 01:45:44 UTC
198652,Player #38276,Hello AQS #5,ubc air quality sensor,,2021-09-02 23:23:58 UTC
198647,Player #38276,Hello AQS #5,ubc air quality sensor,,2021-09-02 21:53:33 UTC
198562,Player #22516,Hazy sky,ubc air quality sensor,What are indicators of poor air quality?,2021-09-02 15:50:18 UTC
198559,Player #22516,Yes,ubc air quality sensor,"In addition to the air quality sensors around UBC, would you like to see air quality sensors around your home and near major traffic intersections? (Yes, No)",2021-09-02 15:49:40 UTC
198558,Player #22516,No,ubc air quality sensor,"Do you feel like you know a lot about air pollution on UBC campus? (Yes, No)",2021-09-02 15:49:29 UTC
198557,Player #22516,Construction,ubc air quality sensor,"In your opinion, what are the biggest sources of air pollution on UBC's campus? ",2021-09-02 15:49:14 UTC
198556,Player #22516,rapid air map point,ubc air quality sensor,What do you think RAMP stands for?,2021-09-02 15:48:55 UTC
198555,Player #22516,HELLO AQS #6,ubc air quality sensor,,2021-09-02 15:48:40 UTC
198395,Player #38236,Hello AQS #7,ubc air quality sensor,,2021-09-02 00:50:14 UTC
197493,Player #38100,Summer,ubc air quality sensor,Is there a particular season when you notice air quality becoming worse?,2021-08-30 22:55:17 UTC
197491,Player #38100,Smog,ubc air quality sensor,What are indicators of poor air quality?,2021-08-30 22:54:56 UTC
197490,Player #38100,No,ubc air quality sensor,Is there a particular period of the day ⏰when you notice air quality becoming worse?,2021-08-30 22:54:31 UTC
197489,Player #38100,No,ubc air quality sensor,"Do you see an idling (running, but not moving) bus or vehicle? (Yes, No)",2021-08-30 22:54:22 UTC
197488,Player #38100,Hello AQS #2,ubc air quality sensor,,2021-08-30 22:54:11 UTC
197257,Player #38038,Hello AQS #4,ubc air quality sensor,,2021-08-30 02:26:24 UTC
196999,Player #37975,Hello AQS #5,ubc air quality sensor,,2021-08-28 23:59:06 UTC
196827,Player #37923,Yes,ubc air quality sensor,"Are you satisfied with the current modes of communication (news) regarding air pollution exposure, around campus? (Yes, No) If no, how can it be improved?",2021-08-28 04:34:12 UTC
196826,Player #37923,cars,ubc air quality sensor,What are indicators of poor air quality?,2021-08-28 04:33:57 UTC
196825,Player #37923,High,ubc air quality sensor,"Would you rather 'High-quality' sensors at a few locations on UBC's campus, or 'Low-cost' sensors at every intersection on UBC campus? Please respond to this message with 'High' or 'Low'.",2021-08-28 04:33:40 UTC
196824,Player #37923,no,ubc air quality sensor,"Do you see an idling (running, but not moving) bus or vehicle? (Yes, No)",2021-08-28 04:33:19 UTC
196823,Player #37923,HELLO AQS #5,ubc air quality sensor,,2021-08-28 04:32:59 UTC
196822,Player #37922,No,ubc air quality sensor,"Do you see an idling (running, but not moving) bus or vehicle? (Yes, No)",2021-08-28 04:04:00 UTC
196821,Player #37922,No,ubc air quality sensor,"Are you satisfied with the current modes of communication (news) regarding air pollution exposure, around campus? (Yes, No) If no, how can it be improved?",2021-08-28 04:03:42 UTC
196820,Player #37922,Smells like fuel exhaust,ubc air quality sensor,What are indicators of poor air quality?,2021-08-28 04:03:24 UTC
196819,Player #37922,Hello AQS #6,ubc air quality sensor,,2021-08-28 04:02:37 UTC
196802,Player #37919,Hello AQS #5,ubc air quality sensor,,2021-08-27 23:49:17 UTC
196727,Player #37908,Yes,ubc air quality sensor,"Do you like to get involved in recreational activities around UBC? (Yes, No)",2021-08-27 18:03:21 UTC
196726,Player #37908,"CO2, methane, particulates ",ubc air quality sensor,I'm here to identify different sources of pollution - can you name any?,2021-08-27 18:03:11 UTC
196725,Player #37908,No,ubc air quality sensor,"Do you see an idling (running, but not moving) bus or vehicle? (Yes, No)",2021-08-27 18:02:22 UTC
196724,Player #37908,Diesel exhaust,ubc air quality sensor,What kind of air pollution annoys you the most? 😡,2021-08-27 18:02:08 UTC
196723,Player #37908,"No, haven't heard much about air pollution exposure on campus ",ubc air quality sensor,"Are you satisfied with the current modes of communication (news) regarding air pollution exposure, around campus? (Yes, No) If no, how can it be improved?",2021-08-27 18:01:41 UTC
196722,Player #37908,Hello AQS #2,ubc air quality sensor,,2021-08-27 17:58:58 UTC
196708,Player #37906,Hello AQS #2,ubc air quality sensor,,2021-08-27 16:52:25 UTC
196463,Player #37853,Yes,ubc air quality sensor,"Do you suffer from asthma attacks? (Yes, No)",2021-08-26 23:58:09 UTC
196462,Player #37853,Low,ubc air quality sensor,"Would you rather 'High-quality' sensors at a few locations on UBC's campus, or 'Low-cost' sensors at every intersection on UBC campus? Please respond to this message with 'High' or 'Low'.",2021-08-26 23:57:59 UTC
196461,Player #37854,You're useless,ubc air quality sensor,How often do you think about air pollution and the dangers it has on your health?,2021-08-26 23:45:48 UTC
196460,Player #37854,Dude! Back off,ubc air quality sensor,"Do you see an idling (running, but not moving) bus or vehicle? (Yes, No)",2021-08-26 23:45:11 UTC
196459,Player #37852,Wild fires,ubc air quality sensor,I'm here to identify different sources of pollution - can you name any?,2021-08-26 23:45:11 UTC
196457,Player #37854,Why should I tell you?,ubc air quality sensor,"Do you like to get involved in recreational activities around UBC? (Yes, No)",2021-08-26 23:44:56 UTC
196456,Player #37852,Maybe,ubc air quality sensor,"Are you satisfied with the current modes of communication (news) regarding air pollution exposure, around campus? (Yes, No) If no, how can it be improved?",2021-08-26 23:44:54 UTC
196455,Player #37854,I don't care,ubc air quality sensor,Is there a particular period of the day ⏰when you notice air quality becoming worse?,2021-08-26 23:44:45 UTC
196453,Player #37852,Selenium concentrations,ubc air quality sensor,What environmental impact should be of most concern to UBC/Vancouver? 🌍,2021-08-26 23:44:36 UTC
196452,Player #37854,I don't care,ubc air quality sensor,"Do you think UBC's campus has been deemed 'Low-Risk' or 'High-Risk', by British Columbia's Air Quality Health Index? ",2021-08-26 23:44:31 UTC
196451,Player #37852,Yes,ubc air quality sensor,"Do you like to get involved in recreational activities around UBC? (Yes, No)",2021-08-26 23:43:57 UTC
196450,Player #37854,Hello AQS #5,ubc air quality sensor,,2021-08-26 23:43:50 UTC
196449,Player #37853,Hello AQS #5,ubc air quality sensor,,2021-08-26 23:43:48 UTC
196448,Player #37852,Hello AQS #5,ubc air quality sensor,,2021-08-26 23:43:35 UTC
196436,Player #37848,Hello AQS #5,ubc air quality sensor,,2021-08-26 21:44:23 UTC
196388,Player #37846,no,ubc air quality sensor,"Do you see an idling (running, but not moving) bus or vehicle? (Yes, No)",2021-08-26 19:04:46 UTC
196387,Player #37846,no,ubc air quality sensor,"Do you drive to campus? 🚗 (Yes, No)",2021-08-26 19:01:57 UTC
196386,Player #37846,i'm not sure,ubc air quality sensor,What do you think RAMP stands for?,2021-08-26 19:01:44 UTC
196385,Player #37846,no,ubc air quality sensor,"Do you feel like you know a lot about air pollution on UBC campus? (Yes, No)",2021-08-26 18:41:22 UTC
196384,Player #37846,low-risk,ubc air quality sensor,"Do you think UBC's campus has been deemed 'Low-Risk' or 'High-Risk', by British Columbia's Air Quality Health Index? ",2021-08-26 18:40:14 UTC
196383,Player #37846,Hello AQS #5,ubc air quality sensor,,2021-08-26 18:38:31 UTC
196369,Player #37841,More accessible,ubc air quality sensor,"Are you satisfied with the current modes of communication (news) regarding air pollution exposure, around campus? (Yes, No) If no, how can it be improved?",2021-08-26 16:58:30 UTC
196368,Player #37841,Smog,ubc air quality sensor,I'm here to identify different sources of pollution - can you name any?,2021-08-26 16:57:57 UTC
196367,Player #37841,Hello AQS #5,ubc air quality sensor,,2021-08-26 16:57:21 UTC
196303,Player #35327,Climate change,ubc air quality sensor,What environmental impact should be of most concern to UBC/Vancouver? 🌍,2021-08-26 16:06:09 UTC
196301,Player #35327,Yes,ubc air quality sensor,"Would you like to receive notifications about air quality via your mobile phone? 📲 (Yes, No)",2021-08-26 16:05:57 UTC
196299,Player #35327,"No, I have no idea where to look",ubc air quality sensor,"Are you satisfied with the current modes of communication (news) regarding air pollution exposure, around campus? (Yes, No) If no, how can it be improved?",2021-08-26 16:05:45 UTC
196298,Player #35327,Low risk,ubc air quality sensor,"Do you think UBC's campus has been deemed 'Low-Risk' or 'High-Risk', by British Columbia's Air Quality Health Index? ",2021-08-26 16:05:28 UTC
196297,Player #35327,To measure air quality,ubc air quality sensor,Why do you think I have been put here?,2021-08-26 16:05:14 UTC
196296,Player #35327,Hello AQS #5,ubc air quality sensor,,2021-08-26 16:05:05 UTC
196270,Player #35642,Yes,ubc air quality sensor,"Are you satisfied with the current modes of communication (news) regarding air pollution exposure, around campus? (Yes, No) If no, how can it be improved?",2021-08-26 15:31:44 UTC
196269,Player #35642,Less cars,ubc air quality sensor,How can we improve air quality around UBC?,2021-08-26 15:31:31 UTC
196268,Player #35642,PM,ubc air quality sensor,What kind of air pollution annoys you the most? 😡,2021-08-26 15:31:21 UTC
196267,Player #35642,Noon,ubc air quality sensor,Is there a particular period of the day ⏰when you notice air quality becoming worse?,2021-08-26 15:31:11 UTC
196266,Player #35642,No,ubc air quality sensor,"Would you like to talk to an air quality scientist at UBC? (Yes, No) If yes, please let me know your name and email address and I'll pass your contact details on.",2021-08-26 15:31:03 UTC
196265,Player #35642,Hello AQS #8,ubc air quality sensor,,2021-08-26 15:28:10 UTC
196174,Player #37818,test,ubc air quality sensor,What kind of air pollution annoys you the most? 😡,2021-08-26 11:48:06 UTC
196173,Player #37818,test,ubc air quality sensor,What environmental impact should be of most concern to UBC/Vancouver? 🌍,2021-08-26 11:48:04 UTC
196172,Player #37818,test,ubc air quality sensor,What do you think RAMP stands for?,2021-08-26 11:48:02 UTC
196171,Player #37818,test,ubc air quality sensor,Where do you think you are exposed to the most air pollution?,2021-08-26 11:48:01 UTC
196170,Player #37818,test,ubc air quality sensor,"Would you rather 'High-quality' sensors at a few locations on UBC's campus, or 'Low-cost' sensors at every intersection on UBC campus? Please respond to this message with 'High' or 'Low'.",2021-08-26 11:47:59 UTC
196169,Player #37818,Hello AQS #3,ubc air quality sensor,,2021-08-26 11:47:57 UTC
196168,Player #37818,test,ubc air quality sensor,"Do you feel like you know a lot about air pollution on UBC campus? (Yes, No)",2021-08-26 11:47:47 UTC
196167,Player #37818,test,ubc air quality sensor,"In your opinion, which environmental impact is of most concern to UBC/Vancouver? 🌍",2021-08-26 11:47:46 UTC
196166,Player #37818,test,ubc air quality sensor,"Would you like to receive notifications about air quality via your mobile phone? 📲 (Yes, No)",2021-08-26 11:47:44 UTC
196165,Player #37818,test,ubc air quality sensor,"On a scale of 1-5, what do you think of the air quality on UBC's campus? (1 being very poor, 5 being very good). ",2021-08-26 11:47:42 UTC
196164,Player #37818,test,ubc air quality sensor,"Do you drive to campus? 🚗 (Yes, No)",2021-08-26 11:47:41 UTC
196163,Player #37818,Hello AQS #3,ubc air quality sensor,,2021-08-26 11:47:39 UTC
196158,Player #37817,test,ubc air quality sensor,"Do you think UBC's campus has been deemed 'Low-Risk' or 'High-Risk', by British Columbia's Air Quality Health Index? ",2021-08-26 11:45:42 UTC
196156,Player #37817,test,ubc air quality sensor,"Would you like to talk to an air quality scientist at UBC? (Yes, No) If yes, please let me know your name and email address and I'll pass your contact details on.",2021-08-26 11:45:41 UTC
196155,Player #37817,test,ubc air quality sensor,Why do you think I have been put here?,2021-08-26 11:45:40 UTC
196154,Player #37817,test,ubc air quality sensor,What environmental impact should be of most concern to UBC/Vancouver? 🌍,2021-08-26 11:45:37 UTC
196153,Player #37817,test,ubc air quality sensor,"Do you drive to campus? 🚗 (Yes, No)",2021-08-26 11:45:36 UTC
196152,Player #37817,Hello AQS #4,ubc air quality sensor,,2021-08-26 11:45:33 UTC
196151,Player #37817,test,ubc air quality sensor,I'm here to identify different sources of pollution - can you name any?,2021-08-26 11:45:17 UTC
196150,Player #37817,test,ubc air quality sensor,How often do you think about air pollution and the dangers it has on your health?,2021-08-26 11:45:15 UTC
196149,Player #37817,test,ubc air quality sensor,Is there a particular period of the day ⏰when you notice air quality becoming worse?,2021-08-26 11:45:13 UTC
196148,Player #37817,test,ubc air quality sensor,"Would you rather 'High-quality' sensors at a few locations on UBC's campus, or 'Low-cost' sensors at every intersection on UBC campus? Please respond to this message with 'High' or 'Low'.",2021-08-26 11:45:12 UTC
196147,Player #37817,test,ubc air quality sensor,"In addition to the air quality sensors around UBC, would you like to see air quality sensors around your home and near major traffic intersections? (Yes, No)",2021-08-26 11:45:11 UTC
196146,Player #37817,Hello AQS #6,ubc air quality sensor,,2021-08-26 11:45:09 UTC
196138,Player #37814,test,ubc air quality sensor,"Do you see an idling (running, but not moving) bus or vehicle? (Yes, No)",2021-08-26 11:29:35 UTC
196137,Player #37814,test,ubc air quality sensor,"Do you think UBC's campus has been deemed 'Low-Risk' or 'High-Risk', by British Columbia's Air Quality Health Index? ",2021-08-26 11:29:34 UTC
196136,Player #37814,test,ubc air quality sensor,"Would you rather 'High-quality' sensors at a few locations on UBC's campus, or 'Low-cost' sensors at every intersection on UBC campus? Please respond to this message with 'High' or 'Low'.",2021-08-26 11:29:32 UTC
196135,Player #37814,test,ubc air quality sensor,Is there a particular period of the day ⏰when you notice air quality becoming worse?,2021-08-26 11:29:31 UTC
196134,Player #37814,test,ubc air quality sensor,"In your opinion, what are the biggest sources of air pollution on UBC's campus? ",2021-08-26 11:29:28 UTC
196133,Player #37814,Hello AQS #3,ubc air quality sensor,,2021-08-26 11:29:26 UTC
196012,Player #37790,Hello AQS #5,ubc air quality sensor,,2021-08-26 02:50:09 UTC
196010,Player #37789,Hello AQS #1,ubc air quality sensor,,2021-08-26 02:33:25 UTC
195999,Player #35642,4,ubc air quality sensor,"Do you feel like you know a lot about air pollution on UBC campus? (Yes, No)",2021-08-25 23:29:23 UTC
195998,Player #35642,R,ubc air quality sensor,"On a scale of 1-5, what do you think of the air quality on UBC's campus? (1 being very poor, 5 being very good). ",2021-08-25 23:29:21 UTC
195997,Player #35642,No,ubc air quality sensor,"Do you receive information about poor air quality? If so, how? 💻 💬 ",2021-08-25 23:29:12 UTC
195996,Player #35642,Pollution,ubc air quality sensor,What environmental impact should be of most concern to UBC/Vancouver? 🌍,2021-08-25 23:29:03 UTC
195995,Player #35642,High,ubc air quality sensor,"Would you rather 'High-quality' sensors at a few locations on UBC's campus, or 'Low-cost' sensors at every intersection on UBC campus? Please respond to this message with 'High' or 'Low'.",2021-08-25 23:28:52 UTC
195994,Player #35642,Hello AQS #8,ubc air quality sensor,,2021-08-25 23:28:45 UTC
195993,Player #35640,Yes,ubc air quality sensor,"Would you like to receive notifications about air quality via your mobile phone? 📲 (Yes, No)",2021-08-25 23:27:59 UTC
195992,Player #35640,3,ubc air quality sensor,"On a scale of 1-5, what do you think of the air quality on UBC's campus? (1 being very poor, 5 being very good). ",2021-08-25 23:27:52 UTC
195991,Player #35640,Forest fires,ubc air quality sensor,What kind of air pollution annoys you the most? 😡,2021-08-25 23:27:45 UTC
195990,Player #35640,Summer,ubc air quality sensor,Is there a particular season when you notice air quality becoming worse?,2021-08-25 23:27:23 UTC
195989,Player #35640,High,ubc air quality sensor,"Would you rather 'High-quality' sensors at a few locations on UBC's campus, or 'Low-cost' sensors at every intersection on UBC campus? Please respond to this message with 'High' or 'Low'.",2021-08-25 23:27:12 UTC
195988,Player #35640,Hello AQS #6,ubc air quality sensor,,2021-08-25 23:26:57 UTC
195987,Player #35640,Campus,ubc air quality sensor,Where do you think you are exposed to the most air pollution?,2021-08-25 23:25:14 UTC
195986,Player #35640,Yes,ubc air quality sensor,"Would you like to talk to an air quality scientist at UBC? (Yes, No) If yes, please let me know your name and email address and I'll pass your contact details on.",2021-08-25 23:25:03 UTC
195985,Player #35640,Yes,ubc air quality sensor,"In addition to the air quality sensors around UBC, would you like to see air quality sensors around your home and near major traffic intersections? (Yes, No)",2021-08-25 23:24:56 UTC
195984,Player #35640,Weather app,ubc air quality sensor,"Do you receive information about poor air quality? If so, how? 💻 💬 ",2021-08-25 23:24:47 UTC
195983,Player #35640,Forest fires,ubc air quality sensor,"In your opinion, which environmental impact is of most concern to UBC/Vancouver? 🌍",2021-08-25 23:24:33 UTC
195982,Player #35640,Hello AQS #5,ubc air quality sensor,,2021-08-25 23:24:19 UTC
195980,Player #37786,Hello AQS #5,ubc air quality sensor,,2021-08-25 22:05:04 UTC
195548,Player #37694,Hello AQS #8,ubc air quality sensor,,2021-08-25 02:18:53 UTC
195138,Player #37622,HELLO AQS #6,ubc air quality sensor,,2021-08-24 02:38:07 UTC
194870,Player #37560,Reduce forest fires up north,ubc air quality sensor,How can we improve air quality around UBC?,2021-08-23 00:40:37 UTC
194869,Player #37560,No,ubc air quality sensor,"Do you feel like you know a lot about air pollution on UBC campus? (Yes, No)",2021-08-23 00:40:20 UTC
194868,Player #37560,Yes,ubc air quality sensor,"Do you like to get involved in recreational activities around UBC? (Yes, No)",2021-08-23 00:40:04 UTC
194867,Player #37560,"Smog, allergens, bad smells",ubc air quality sensor,What are indicators of poor air quality?,2021-08-23 00:39:52 UTC
194866,Player #37560,"Yes, from the news and websites. ",ubc air quality sensor,"Do you receive information about poor air quality? If so, how? 💻 💬 ",2021-08-23 00:39:36 UTC
194865,Player #37560,Hello AQS,ubc air quality sensor,,2021-08-23 00:39:11 UTC
194783,Player #37550,Reduce Construction debris around construction sites,ubc air quality sensor,How can we improve air quality around UBC?,2021-08-22 16:59:29 UTC
194782,Player #37550,HELLO AQS #8,ubc air quality sensor,,2021-08-22 16:58:36 UTC
194548,Player #37502,5,ubc air quality sensor,"On a scale of 1-5, what do you think of the air quality on UBC's campus? (1 being very poor, 5 being very good). ",2021-08-22 03:37:36 UTC
194547,Player #37502,I don't know,ubc air quality sensor,"In your opinion, what are the biggest sources of air pollution on UBC's campus? ",2021-08-22 03:37:23 UTC
194546,Player #37502,No,ubc air quality sensor,"Do you suffer from asthma attacks? (Yes, No)",2021-08-22 03:23:49 UTC
194545,Player #37502,Hello AQS #2,ubc air quality sensor,,2021-08-22 03:23:33 UTC
194544,Player #37501,Hello AQS #1,ubc air quality sensor,,2021-08-21 22:48:59 UTC
194212,Player #37426,Hello AQS #1,ubc air quality sensor,,2021-08-20 21:04:08 UTC
194038,Player #37392,No,ubc air quality sensor,"Do you feel like you know a lot about air pollution on UBC campus? (Yes, No)",2021-08-20 14:49:25 UTC
194037,Player #37392,No,ubc air quality sensor,"Do you drive to campus? 🚗 (Yes, No)",2021-08-20 14:49:12 UTC
194036,Player #37392,Near construction sites,ubc air quality sensor,Where do you think you are exposed to the most air pollution?,2021-08-20 14:49:04 UTC
194035,Player #37392,Wildfire smoke,ubc air quality sensor,"In your opinion, what are the biggest sources of air pollution on UBC's campus? ",2021-08-20 14:48:35 UTC
194034,Player #37392,Yes,ubc air quality sensor,"In addition to the air quality sensors around UBC, would you like to see air quality sensors around your home and near major traffic intersections? (Yes, No)",2021-08-20 14:47:57 UTC
194033,Player #37392,Hello AQS #5,ubc air quality sensor,,2021-08-20 14:47:10 UTC
193796,Player #37355,Hello aqs #5,ubc air quality sensor,,2021-08-19 20:58:33 UTC
193794,Player #35642,Home,ubc air quality sensor,Where do you think you are exposed to the most air pollution?,2021-08-19 19:52:06 UTC
193793,Player #35642,Cars,ubc air quality sensor,"In your opinion, what are the biggest sources of air pollution on UBC's campus? ",2021-08-19 19:51:57 UTC
193792,Player #35642,No,ubc air quality sensor,"Would you like to receive notifications about air quality via your mobile phone? 📲 (Yes, No)",2021-08-19 19:51:50 UTC
193791,Player #35642,Summer,ubc air quality sensor,Is there a particular season when you notice air quality becoming worse?,2021-08-19 19:51:37 UTC
193790,Player #35642,Yes,ubc air quality sensor,"In addition to the air quality sensors around UBC, would you like to see air quality sensors around your home and near major traffic intersections? (Yes, No)",2021-08-19 19:51:29 UTC
193789,Player #35642,Hello AQS #5,ubc air quality sensor,,2021-08-19 19:51:17 UTC
193788,Player #35640,Forest fires,ubc air quality sensor,What environmental impact should be of most concern to UBC/Vancouver? 🌍,2021-08-19 19:51:16 UTC
193787,Player #35640,Construction,ubc air quality sensor,"In your opinion, what are the biggest sources of air pollution on UBC's campus? ",2021-08-19 19:51:03 UTC
193786,Player #35640,Hello AQS #5,ubc air quality sensor,,2021-08-19 19:50:44 UTC
193363,Player #35327,No clue,ubc air quality sensor,What do you think RAMP stands for?,2021-08-18 20:52:17 UTC
193362,Player #35327,Yes,ubc air quality sensor,"Would you like to talk to an air quality scientist at UBC? (Yes, No) If yes, please let me know your name and email address and I'll pass your contact details on.",2021-08-18 20:52:06 UTC
193361,Player #35327,Near the roadside,ubc air quality sensor,Where do you think you are exposed to the most air pollution?,2021-08-18 20:51:51 UTC
193359,Player #35327,"Haze, bad smell",ubc air quality sensor,What are indicators of poor air quality?,2021-08-18 20:51:40 UTC
193358,Player #35327,Hello AQS #5,ubc air quality sensor,,2021-08-18 20:51:28 UTC
193304,Player #35327,Often,ubc air quality sensor,How often do you think about air pollution and the dangers it has on your health?,2021-08-18 18:06:56 UTC
193303,Player #35327,No,ubc air quality sensor,"Do you see an idling (running, but not moving) bus or vehicle? (Yes, No)",2021-08-18 18:06:45 UTC
193302,Player #35327,No,ubc air quality sensor,"Do you suffer from asthma attacks? (Yes, No)",2021-08-18 18:06:33 UTC
193301,Player #35327,Hello AQS #5,ubc air quality sensor,,2021-08-18 18:06:20 UTC
193093,Player #37242,Yes,ubc air quality sensor,"Are you satisfied with the current modes of communication (news) regarding air pollution exposure, around campus? (Yes, No) If no, how can it be improved?",2021-08-18 13:25:04 UTC
193090,Player #37242,New Buildings,ubc air quality sensor,What environmental impact should be of most concern to UBC/Vancouver? 🌍,2021-08-18 13:24:43 UTC
193089,Player #37242,4,ubc air quality sensor,"On a scale of 1-5, what do you think of the air quality on UBC's campus? (1 being very poor, 5 being very good). ",2021-08-18 13:24:17 UTC
193088,Player #37242,Hello AQS #8,ubc air quality sensor,,2021-08-18 13:23:45 UTC
192778,Player #37207,Hello AQS #2,ubc air quality sensor,,2021-08-17 20:43:04 UTC
192379,Player #37136,Decrease any sort of pollution,ubc air quality sensor,How can we improve air quality around UBC?,2021-08-17 03:45:50 UTC
192378,Player #37136,No idea!,ubc air quality sensor,What do you think RAMP stands for?,2021-08-17 03:45:29 UTC
192377,Player #37136,Hello AQS #5,ubc air quality sensor,,2021-08-17 03:44:58 UTC
192376,Player #37135,Hello AQS #8,ubc air quality sensor,,2021-08-17 02:40:36 UTC
192013,Player #37059,Hello AQS,ubc air quality sensor,,2021-08-16 04:22:41 UTC
192003,Player #37055,Hello AQS #1,ubc air quality sensor,,2021-08-15 21:42:08 UTC
192002,Player #37054,Hello aqs #5,ubc air quality sensor,,2021-08-15 21:38:46 UTC
192001,Player #23672,Low-risk,ubc air quality sensor,"Do you think UBC's campus has been deemed 'Low-Risk' or 'High-Risk', by British Columbia's Air Quality Health Index? ",2021-08-15 21:21:00 UTC
192000,Player #23672,Hello aqs #1,ubc air quality sensor,,2021-08-15 21:20:34 UTC
191907,Player #37037,Walking and cycling,ubc air quality sensor,Where do you think you are exposed to the most air pollution?,2021-08-15 14:34:29 UTC
191906,Player #37037,Yes,ubc air quality sensor,"Do you drive to campus? 🚗 (Yes, No)",2021-08-15 14:34:10 UTC
191905,Player #37037,"Cars, buses, trucks, buildings, airplanes, ",ubc air quality sensor,I'm here to identify different sources of pollution - can you name any?,2021-08-15 14:33:56 UTC
191904,Player #37037,🖥,ubc air quality sensor,"Do you receive information about poor air quality? If so, how? 💻 💬 ",2021-08-15 14:33:21 UTC
191902,Player #37037,No,ubc air quality sensor,"Do you see an idling (running, but not moving) bus or vehicle? (Yes, No)",2021-08-15 14:11:10 UTC
191901,Player #37037,Hello AQS #7,ubc air quality sensor,,2021-08-15 14:10:46 UTC
191743,Player #36998,Hello AQS #2,ubc air quality sensor,,2021-08-15 02:44:42 UTC
191732,Player #27360,Smoke,ubc air quality sensor,What kind of air pollution annoys you the most? 😡,2021-08-14 22:41:42 UTC
191731,Player #27360,No,ubc air quality sensor,Is there a particular period of the day ⏰when you notice air quality becoming worse?,2021-08-14 22:41:26 UTC
191730,Player #27360,Hello AQS #2,ubc air quality sensor,,2021-08-14 22:40:49 UTC
191711,Player #36990,Hello AQS #5,ubc air quality sensor,,2021-08-14 20:16:49 UTC
191709,Player #36989,No,ubc air quality sensor,"Do you suffer from asthma attacks? (Yes, No)",2021-08-14 20:08:04 UTC
191706,Player #36989,HELLO AQS#5,ubc air quality sensor,,2021-08-14 20:07:21 UTC
191619,Player #36974,No,ubc air quality sensor,"Would you like to talk to an air quality scientist at UBC? (Yes, No) If yes, please let me know your name and email address and I'll pass your contact details on.",2021-08-14 16:56:08 UTC
191618,Player #36974,Idk,ubc air quality sensor,What do you think RAMP stands for?,2021-08-14 16:55:49 UTC
191610,Player #36974,Hello AQS #2,ubc air quality sensor,,2021-08-14 16:48:53 UTC
191353,Player #36912,Hello AQS #4,ubc air quality sensor,,2021-08-14 03:27:36 UTC
191352,Player #36911,Hello AQS #4,ubc air quality sensor,,2021-08-14 03:27:25 UTC
191351,Player #36910,No,ubc air quality sensor,"In addition to the air quality sensors around UBC, would you like to see air quality sensors around your home and near major traffic intersections? (Yes, No)",2021-08-14 03:12:35 UTC
191350,Player #36910,HELLO AQS #4,ubc air quality sensor,,2021-08-14 03:12:11 UTC
191349,Player #36910,Hello AQS,ubc air quality sensor,,2021-08-14 03:11:39 UTC
191348,Player #36909,What is the air quality now,ubc air quality sensor,"Are you satisfied with the current modes of communication (news) regarding air pollution exposure, around campus? (Yes, No) If no, how can it be improved?",2021-08-14 02:11:13 UTC
191347,Player #36909,Hello AQS #2,ubc air quality sensor,,2021-08-14 02:10:37 UTC
191345,Player #36907,Hello AQS #5,ubc air quality sensor,,2021-08-14 01:00:51 UTC
191344,Player #36802,"Exhaust from old cars is usually awful.
Smoke from forest fires makes me sad because it feels like the world is ending",ubc air quality sensor,What kind of air pollution annoys you the most? 😡,2021-08-14 00:17:39 UTC
191343,Player #36802,Not really. Today is crazy smoky though so I really notice it right now lol,ubc air quality sensor,Is there a particular period of the day ⏰when you notice air quality becoming worse?,2021-08-14 00:17:01 UTC
191342,Player #36802,"Yeah I have an aqhi app, but I was hoping to get some data from this sensor ",ubc air quality sensor,"Do you receive information about poor air quality? If so, how? 💻 💬 ",2021-08-14 00:16:36 UTC
191341,Player #36802,Idk busy roads?,ubc air quality sensor,Where do you think you are exposed to the most air pollution?,2021-08-14 00:16:04 UTC
191340,Player #36802,Can you show me the air quality readings from the sensor?,ubc air quality sensor,How can we improve air quality around UBC?,2021-08-14 00:15:18 UTC
191339,Player #36802,HELLO AQS #7,ubc air quality sensor,,2021-08-14 00:14:50 UTC
191337,Player #36906,Hello AQS #6,ubc air quality sensor,,2021-08-13 23:25:24 UTC
191294,Player #36898,Hello AQS #7,ubc air quality sensor,,2021-08-13 18:41:32 UTC
191141,Player #36803,Smoke,ubc air quality sensor,What kind of air pollution annoys you the most? 😡,2021-08-13 15:56:50 UTC
191140,Player #36803,Don't know,ubc air quality sensor,What are indicators of poor air quality?,2021-08-13 15:56:42 UTC
191139,Player #36803,No,ubc air quality sensor,"Are you satisfied with the current modes of communication (news) regarding air pollution exposure, around campus? (Yes, No) If no, how can it be improved?",2021-08-13 15:56:24 UTC
191137,Player #36803,Awareness,ubc air quality sensor,How can we improve air quality around UBC?,2021-08-13 15:56:06 UTC
191135,Player #36803,Air quality,ubc air quality sensor,Why do you think I have been put here?,2021-08-13 15:55:37 UTC
191132,Player #36803,Hello AQS#1,ubc air quality sensor,,2021-08-13 15:55:06 UTC
190701,Player #36813,test,ubc air quality sensor,What environmental impact should be of most concern to UBC/Vancouver? 🌍,2021-08-13 09:52:00 UTC
190700,Player #36813,test,ubc air quality sensor,"Would you rather 'High-quality' sensors at a few locations on UBC's campus, or 'Low-cost' sensors at every intersection on UBC campus? Please respond to this message with 'High' or 'Low'.",2021-08-13 09:51:57 UTC
190699,Player #36813,test,ubc air quality sensor,Where do you think you are exposed to the most air pollution?,2021-08-13 09:51:55 UTC
190698,Player #36813,test,ubc air quality sensor,"Would you like to talk to an air quality scientist at UBC? (Yes, No) If yes, please let me know your name and email address and I'll pass your contact details on.",2021-08-13 09:51:54 UTC
190697,Player #36813,Hello AQS #4,ubc air quality sensor,,2021-08-13 09:51:48 UTC
190696,Player #36813,test,ubc air quality sensor,"In your opinion, which environmental impact is of most concern to UBC/Vancouver? 🌍",2021-08-13 09:50:53 UTC
190695,Player #36813,test,ubc air quality sensor,"Do you think UBC's campus has been deemed 'Low-Risk' or 'High-Risk', by British Columbia's Air Quality Health Index? ",2021-08-13 09:50:51 UTC
190694,Player #36813,test,ubc air quality sensor,"In addition to the air quality sensors around UBC, would you like to see air quality sensors around your home and near major traffic intersections? (Yes, No)",2021-08-13 09:50:49 UTC
190693,Player #36813,test,ubc air quality sensor,"Would you like to receive notifications about air quality via your mobile phone? 📲 (Yes, No)",2021-08-13 09:50:48 UTC
190692,Player #36813,test,ubc air quality sensor,How often do you think about air pollution and the dangers it has on your health?,2021-08-13 09:50:45 UTC
190691,Player #36813,Hello AQS #4,ubc air quality sensor,,2021-08-13 09:50:43 UTC
190690,Player #36812,Hello AQS #3,ubc air quality sensor,,2021-08-13 09:50:32 UTC
190689,Player #36812,yes,ubc air quality sensor,"Would you like to receive notifications about air quality via your mobile phone? 📲 (Yes, No)",2021-08-13 09:50:22 UTC
190688,Player #36812,test,ubc air quality sensor,"In your opinion, which environmental impact is of most concern to UBC/Vancouver? 🌍",2021-08-13 09:50:18 UTC
190687,Player #36812,test,ubc air quality sensor,"Do you think UBC's campus has been deemed 'Low-Risk' or 'High-Risk', by British Columbia's Air Quality Health Index? ",2021-08-13 09:50:16 UTC
190686,Player #36812,test,ubc air quality sensor,What do you think RAMP stands for?,2021-08-13 09:50:15 UTC
190685,Player #36812,test,ubc air quality sensor,How often do you think about air pollution and the dangers it has on your health?,2021-08-13 09:50:13 UTC
190684,Player #36812,Hello AQS #3,ubc air quality sensor,,2021-08-13 09:50:10 UTC
190656,Player #36803,High quality,ubc air quality sensor,"Would you rather 'High-quality' sensors at a few locations on UBC's campus, or 'Low-cost' sensors at every intersection on UBC campus? Please respond to this message with 'High' or 'Low'.",2021-08-13 04:32:18 UTC
190655,Player #36803,Yes through the news,ubc air quality sensor,"Do you receive information about poor air quality? If so, how? 💻 💬 ",2021-08-13 04:32:04 UTC
190654,Player #36803,3,ubc air quality sensor,"On a scale of 1-5, what do you think of the air quality on UBC's campus? (1 being very poor, 5 being very good). ",2021-08-13 04:31:41 UTC
190653,Player #36803,Yes,ubc air quality sensor,"In addition to the air quality sensors around UBC, would you like to see air quality sensors around your home and near major traffic intersections? (Yes, No)",2021-08-13 04:22:42 UTC
190652,Player #36803,No,ubc air quality sensor,"Would you like to talk to an air quality scientist at UBC? (Yes, No) If yes, please let me know your name and email address and I'll pass your contact details on.",2021-08-13 04:22:21 UTC
190651,Player #36803,Hello AQS #1,ubc air quality sensor,,2021-08-13 04:21:47 UTC
190650,Player #36802,HELLO AQS #7,ubc air quality sensor,,2021-08-13 02:52:37 UTC
190640,Player #36797,Hello AQS #6,ubc air quality sensor,,2021-08-12 22:58:47 UTC
190604,Player #36792,Unsure,ubc air quality sensor,What do you think RAMP stands for?,2021-08-12 20:39:21 UTC
190602,Player #36792,Yes,ubc air quality sensor,"Are you satisfied with the current modes of communication (news) regarding air pollution exposure, around campus? (Yes, No) If no, how can it be improved?",2021-08-12 20:39:13 UTC
190599,Player #36792,To test air quality,ubc air quality sensor,Why do you think I have been put here?,2021-08-12 20:38:50 UTC
190598,Player #36792,A lot,ubc air quality sensor,How often do you think about air pollution and the dangers it has on your health?,2021-08-12 20:38:40 UTC
190597,Player #36792,Pollution,ubc air quality sensor,"In your opinion, which environmental impact is of most concern to UBC/Vancouver? 🌍",2021-08-12 20:38:27 UTC
190591,Player #36792,Hello AQS #5,ubc air quality sensor,,2021-08-12 20:29:31 UTC
190576,Player #36788,Hello AQS #5,ubc air quality sensor,,2021-08-12 18:30:47 UTC
190575,Player #36787,Hello AQS #5,ubc air quality sensor,,2021-08-12 18:21:07 UTC
190262,Player #36729,Yes,ubc air quality sensor,Where do you think you are exposed to the most air pollution?,2021-08-12 05:03:19 UTC
190261,Player #36729,"I'll remember that, thanks for the tip. ",ubc air quality sensor,"Do you like to get involved in recreational activities around UBC? (Yes, No)",2021-08-12 05:03:17 UTC
190260,Player #36729,No,ubc air quality sensor,"Do you see an idling (running, but not moving) bus or vehicle? (Yes, No)",2021-08-12 05:02:30 UTC
190259,Player #36729,"Reduce emissions such as by encouraging biking and using public transit, use of energy from renewable or other low polluting sources, conserving energy when we can.",ubc air quality sensor,How can we improve air quality around UBC?,2021-08-12 04:52:28 UTC
190258,Player #36729,You tell me,ubc air quality sensor,What are indicators of poor air quality?,2021-08-12 04:46:58 UTC
190257,Player #36729,Hello AQS #5,ubc air quality sensor,,2021-08-12 04:45:50 UTC
190255,Player #35640,Night,ubc air quality sensor,Is there a particular period of the day ⏰when you notice air quality becoming worse?,2021-08-12 03:58:39 UTC
190254,Player #35640,I don't know,ubc air quality sensor,How can we improve air quality around UBC?,2021-08-12 03:58:05 UTC
190253,Player #35640,Yes,ubc air quality sensor,"Do you feel like you know a lot about air pollution on UBC campus? (Yes, No)",2021-08-12 03:57:50 UTC
190252,Player #35640,Hazy sky,ubc air quality sensor,What are indicators of poor air quality?,2021-08-12 03:57:36 UTC
190251,Player #35640,Every day,ubc air quality sensor,How often do you think about air pollution and the dangers it has on your health?,2021-08-12 03:57:26 UTC
190250,Player #35640,Hello AQS #5,ubc air quality sensor,,2021-08-12 03:57:13 UTC
190249,Player #36728,No,ubc air quality sensor,"Do you see an idling (running, but not moving) bus or vehicle? (Yes, No)",2021-08-12 03:20:53 UTC
190248,Player #36728,Hello AQS #2,ubc air quality sensor,,2021-08-12 03:20:35 UTC
190247,Player #20628,Bussy juice is too stanky,ubc air quality sensor,"In your opinion, what are the biggest sources of air pollution on UBC's campus? ",2021-08-12 02:04:00 UTC
190246,Player #20628,No,ubc air quality sensor,"Do you suffer from asthma attacks? (Yes, No)",2021-08-12 02:03:31 UTC
190245,Player #20628,Low,ubc air quality sensor,"Would you rather 'High-quality' sensors at a few locations on UBC's campus, or 'Low-cost' sensors at every intersection on UBC campus? Please respond to this message with 'High' or 'Low'.",2021-08-12 02:03:25 UTC
190244,Player #20628,Stanky bussy juice,ubc air quality sensor,What are indicators of poor air quality?,2021-08-12 02:03:11 UTC
190243,Player #20628,3,ubc air quality sensor,Is there a particular period of the day ⏰when you notice air quality becoming worse?,2021-08-12 02:02:47 UTC
190242,Player #20628,Hello AQS #3,ubc air quality sensor,,2021-08-12 02:02:38 UTC
190239,Player #20628,Yes,ubc air quality sensor,"Do you see an idling (running, but not moving) bus or vehicle? (Yes, No)",2021-08-11 23:21:46 UTC
190238,Player #20628,I don't know,ubc air quality sensor,What do you think RAMP stands for?,2021-08-11 23:21:32 UTC
190237,Player #20628,Yes 👍,ubc air quality sensor,"In addition to the air quality sensors around UBC, would you like to see air quality sensors around your home and near major traffic intersections? (Yes, No)",2021-08-11 23:21:26 UTC
190236,Player #20628,Yes I have a smart mirror,ubc air quality sensor,"Do you receive information about poor air quality? If so, how? 💻 💬 ",2021-08-11 23:21:17 UTC
190235,Player #20628,2,ubc air quality sensor,"On a scale of 1-5, what do you think of the air quality on UBC's campus? (1 being very poor, 5 being very good). ",2021-08-11 23:20:50 UTC
190234,Player #20628,Hello AQS #2,ubc air quality sensor,,2021-08-11 23:20:41 UTC
190228,Player #17868,Yes,ubc air quality sensor,"Do you drive to campus? 🚗 (Yes, No)",2021-08-11 22:02:23 UTC
190227,Player #17868,Have more sensors,ubc air quality sensor,How can we improve air quality around UBC?,2021-08-11 22:02:14 UTC
190226,Player #17868,Rapid Alcoholics Managing Patrol ?,ubc air quality sensor,What do you think RAMP stands for?,2021-08-11 22:01:57 UTC
190225,Player #17868,GHG emissions caused by UBC activity,ubc air quality sensor,What environmental impact should be of most concern to UBC/Vancouver? 🌍,2021-08-11 22:00:55 UTC
190224,Player #17868,"To monitor people, take their photo and spy on us ?",ubc air quality sensor,Why do you think I have been put here?,2021-08-11 22:00:27 UTC
190223,Player #17868,Hello AQS #5,ubc air quality sensor,,2021-08-11 22:00:06 UTC
190080,Player #36703,test,ubc air quality sensor,"Do you see an idling (running, but not moving) bus or vehicle? (Yes, No)",2021-08-11 14:55:25 UTC
190079,Player #36703,test,ubc air quality sensor,Is there a particular season when you notice air quality becoming worse?,2021-08-11 14:55:19 UTC
190078,Player #36703,test,ubc air quality sensor,What environmental impact should be of most concern to UBC/Vancouver? 🌍,2021-08-11 14:55:14 UTC
190075,Player #36703,test,ubc air quality sensor,"Do you drive to campus? 🚗 (Yes, No)",2021-08-11 14:51:24 UTC
190074,Player #36703,test,ubc air quality sensor,I'm here to identify different sources of pollution - can you name any?,2021-08-11 14:51:01 UTC
190073,Player #36703,Hello AQS #4,ubc air quality sensor,,2021-08-11 14:50:54 UTC
189782,Player #36648,:/,ubc air quality sensor,Who is your hero?,2021-08-11 04:34:46 UTC
189781,Player #36648,:/,ubc air quality sensor,How do you think smartphones will affect family relationships in the future?,2021-08-11 04:34:23 UTC
189780,Player #36648,Hello AQS #7,ubc air quality sensor,,2021-08-11 04:31:56 UTC
189771,Player #36646,"Hiking - probably not going to change too much, maybe more people will lead to overcrowding and depletion of trails",ubc air quality sensor,I think I need to get a hobby – something long-term. How do you think your favorite hobby is going to change in the next 50 years?,2021-08-10 22:41:10 UTC
189768,Player #36646,30mins,ubc air quality sensor,How long does it take you to get ready in the morning?,2021-08-10 22:40:12 UTC
189767,Player #36646,"A phone complete with search history, photos, etc",ubc air quality sensor,"Universities are pretty good at preserving history, but what would you put in a time capsule if you knew it would be dug up in 100 years?",2021-08-10 22:40:01 UTC
189747,Player #36646,Alan Turing,ubc air quality sensor,Who is your hero?,2021-08-10 22:03:20 UTC
189746,Player #36646,What is the air quality?,ubc air quality sensor,"You're looking fabulous today. Do you think a phone could give fashion advice, or is style purely human?",2021-08-10 22:03:02 UTC
189744,Player #36646,Hello AQS #2,ubc air quality sensor,,2021-08-10 22:01:44 UTC
189726,Player #17868,Text a friend,ubc air quality sensor,"Before talking to me, what was the last thing you used your phone for?",2021-08-10 19:55:57 UTC
189725,Player #17868,A lot !,ubc air quality sensor,I'm glad you found me. How much do you rely on your phone for directions these days?,2021-08-10 19:55:46 UTC
189724,Player #17868,Extrovert,ubc air quality sensor,Are you an introvert or an extrovert?,2021-08-10 19:55:28 UTC
189723,Player #17868,Poor air quality,ubc air quality sensor,What really makes you angry?,2021-08-10 19:55:11 UTC
189722,Player #17868,Their age,ubc air quality sensor,"I love people-watching. Look around you. If you could learn a stranger's life story at the push of a button right now, what would you want to know?",2021-08-10 19:54:53 UTC
189721,Player #17868,Hello AQS #5,ubc air quality sensor,,2021-08-10 19:54:34 UTC
189365,Player #36568,Hello AQS #5,ubc air quality sensor,,2021-08-10 03:19:12 UTC
189363,Player #36567,hello AQS #2,ubc air quality sensor,,2021-08-10 00:59:44 UTC
188812,Player #36453,Hello AQS #5,ubc air quality sensor,,2021-08-09 02:16:04 UTC
188811,Player #20628,What do you mean?,ubc air quality sensor,If you were ruler of your own country what would be the first law you would introduce?,2021-08-09 00:12:13 UTC
188810,Player #20628,Where do you live? 🗺,ubc air quality sensor,Where do you see yourself in five years?,2021-08-09 00:12:01 UTC
188809,Player #20628,Not really,ubc air quality sensor,What's the most daring thing you've ever done?,2021-08-09 00:11:57 UTC
188808,Player #20628,Hello AQS #2,ubc air quality sensor,,2021-08-09 00:11:43 UTC
188806,Player #27075,What about air quality,ubc air quality sensor,"Before talking to me, what was the last thing you used your phone for?",2021-08-08 22:37:26 UTC
188805,Player #27075,HELLO AQS #8,ubc air quality sensor,,2021-08-08 22:36:10 UTC
188804,Player #27075,hello aqs #7,ubc air quality sensor,,2021-08-08 22:32:04 UTC
188410,Player #36384,Why so many questions???,ubc air quality sensor,How do you think smartphones will affect family relationships in the future?,2021-08-08 03:53:06 UTC
188409,Player #36384,Somebody will fall in love with you,ubc air quality sensor,If you were ruler of your own country what would be the first law you would introduce?,2021-08-08 03:52:37 UTC
188408,Player #36384,I hope not,ubc air quality sensor,I like chatting like this – it lets me express myself. Do you think technology in the future will be more human and friendly?,2021-08-08 03:52:28 UTC
188407,Player #36384,To text my dad,ubc air quality sensor,"Before talking to me, what was the last thing you used your phone for?",2021-08-08 03:52:13 UTC
188406,Player #36384,What do you do?,ubc air quality sensor,"I love people-watching. Look around you. If you could learn a stranger's life story at the push of a button right now, what would you want to know?",2021-08-08 03:51:36 UTC
188405,Player #36384,Hello AQS #1,ubc air quality sensor,,2021-08-08 03:51:31 UTC
187843,Player #36288,Hello AQS,ubc air quality sensor,,2021-08-07 03:34:32 UTC
187837,Player #36286,risk assessment and management platform (i cheated),ubc air quality sensor,What do you think RAMP stands for?,2021-08-06 22:28:01 UTC
187836,Player #36286,to monitor the air quality for a study,ubc air quality sensor,Why do you think I have been put here?,2021-08-06 22:26:01 UTC
187835,Player #36286,"fossil fuels, wildfire smoke",ubc air quality sensor,I'm here to identify different sources of pollution - can you name any?,2021-08-06 22:25:35 UTC
187834,Player #36286,yes,ubc air quality sensor,"Do you like to get involved in recreational activities around UBC? (Yes, No)",2021-08-06 22:24:54 UTC
187833,Player #36286,no,ubc air quality sensor,"Do you see an idling (running, but not moving) bus or vehicle? (Yes, No)",2021-08-06 22:23:48 UTC
187832,Player #36286,Hello AQS #5,ubc air quality sensor,,2021-08-06 22:23:17 UTC
187830,Player #36284,Hello AQS #8,ubc air quality sensor,,2021-08-06 20:24:06 UTC
187748,Player #36266,Hello aqs #8,ubc air quality sensor,,2021-08-06 16:08:43 UTC
187432,Player #36204,No,ubc air quality sensor,"Do you see an idling (running, but not moving) bus or vehicle? (Yes, No)",2021-08-06 01:45:36 UTC
187431,Player #36204,Yes,ubc air quality sensor,"Do you like to get involved in recreational activities around UBC? (Yes, No)",2021-08-06 01:45:27 UTC
187430,Player #36204,No clue,ubc air quality sensor,What do you think RAMP stands for?,2021-08-06 01:45:13 UTC
187429,Player #36204,To see what Ubc's air quality is like,ubc air quality sensor,Why do you think I have been put here?,2021-08-06 01:45:03 UTC
187428,Player #36204,No,ubc air quality sensor,"Do you suffer from asthma attacks? (Yes, No)",2021-08-06 01:44:36 UTC
187427,Player #36204,Hello AQS #5,ubc air quality sensor,,2021-08-06 01:44:09 UTC
187423,Player #36201,Hello AQS #2,ubc air quality sensor,,2021-08-06 01:01:54 UTC
187026,Player #36100,HELLO AQS #5,ubc air quality sensor,,2021-08-05 09:03:47 UTC
186972,Player #36090,Hello AQS #6,ubc air quality sensor,,2021-08-05 00:16:25 UTC
186971,Player #36089,No,ubc air quality sensor,I'm here to identify different sources of pollution - can you name any?,2021-08-04 23:42:48 UTC
186970,Player #36089,Lol,ubc air quality sensor,What do you think RAMP stands for?,2021-08-04 23:42:39 UTC
186969,Player #36089,No,ubc air quality sensor,"Do you suffer from asthma attacks? (Yes, No)",2021-08-04 23:42:24 UTC
186968,Player #36089,Hello AQS #7,ubc air quality sensor,,2021-08-04 23:42:03 UTC
185469,Player #35884,Wild fires.,ubc air quality sensor,I'm here to identify different sources of pollution - can you name any?,2021-08-03 01:22:58 UTC
185468,Player #35884,To monitor the air quality!!,ubc air quality sensor,Why do you think I have been put here?,2021-08-03 01:22:21 UTC
185467,Player #35884,Yes.,ubc air quality sensor,"Do you like to get involved in recreational activities around UBC? (Yes, No)",2021-08-03 01:21:49 UTC
185466,Player #35884,No idea.,ubc air quality sensor,What do you think RAMP stands for?,2021-08-03 01:21:38 UTC
185465,Player #35884,Yes.,ubc air quality sensor,"Do you suffer from asthma attacks? (Yes, No)",2021-08-03 01:21:03 UTC
185464,Player #35884,Hello AQS #6,ubc air quality sensor,,2021-08-03 01:20:31 UTC
185067,Player #35811,Pollution from vehicles,ubc air quality sensor,I'm here to identify different sources of pollution - can you name any?,2021-08-02 02:35:40 UTC
185066,Player #35811,To track air quality?,ubc air quality sensor,Why do you think I have been put here?,2021-08-02 02:35:04 UTC
185065,Player #35811,No,ubc air quality sensor,"Do you suffer from asthma attacks? (Yes, No)",2021-08-02 02:34:32 UTC
185064,Player #35811,Hello AQS #1,ubc air quality sensor,,2021-08-02 02:34:12 UTC
185060,Player #35809,HELLO AQS #6,ubc air quality sensor,,2021-08-01 23:59:50 UTC
185059,Player #35808,yes,ubc air quality sensor,"Do you like to get involved in recreational activities around UBC? (Yes, No)",2021-08-01 23:05:25 UTC
185058,Player #35808,Hello AQS #7,ubc air quality sensor,,2021-08-01 23:04:34 UTC
185014,Player #35800,Humans,ubc air quality sensor,I'm here to identify different sources of pollution - can you name any?,2021-08-01 18:13:12 UTC
185013,Player #35800,High Risk,ubc air quality sensor,"Do you think UBC's campus has been deemed 'Low-Risk' or 'High-Risk', by British Columbia's Air Quality Health Index? ",2021-08-01 18:12:59 UTC
185012,Player #35800,Hello AQS #5,ubc air quality sensor,,2021-08-01 18:12:43 UTC
184646,Player #35727,Hello aqs #6,ubc air quality sensor,,2021-08-01 00:51:56 UTC
184184,Player #35647,Hello AQS #7,ubc air quality sensor,,2021-07-30 23:37:26 UTC
184157,Player #35642,London,ubc air quality sensor,"If you could live anywhere, where would it be?",2021-07-30 19:22:55 UTC
184156,Player #35642,Introvert,ubc air quality sensor,Are you an introvert or an extrovert?,2021-07-30 19:22:46 UTC
184155,Player #35642,Yes,ubc air quality sensor,"Do you like to get involved in recreational activities around UBC? (Yes, No)",2021-07-30 19:22:35 UTC
184154,Player #35642,Ru,ubc air quality sensor,What do you think RAMP stands for?,2021-07-30 19:22:26 UTC
184153,Player #35642,Yes,ubc air quality sensor,"Do you see an idling (running, but not moving) bus or vehicle? (Yes, No)",2021-07-30 19:22:13 UTC
184152,Player #35642,Hello AQS #1,ubc air quality sensor,,2021-07-30 19:22:00 UTC
184151,Player #35640,10 mins,ubc air quality sensor,How long does it take you to get ready in the morning?,2021-07-30 19:15:56 UTC
184150,Player #35640,Yes,ubc air quality sensor,I like chatting like this – it lets me express myself. Do you think technology in the future will be more human and friendly?,2021-07-30 19:15:38 UTC
184149,Player #35640,Yes,ubc air quality sensor,I enjoy chatting to the people who stop by here. Do you think technology helps you to feel part of your local community?,2021-07-30 19:15:29 UTC
184148,Player #35640,Air quality,ubc air quality sensor,"It's great that you're talking to me, but how could you use technology to connect with more new people in your community?",2021-07-30 19:15:07 UTC
184147,Player #35640,An extrovert,ubc air quality sensor,Are you an introvert or an extrovert?,2021-07-30 19:14:15 UTC
184146,Player #35640,Hello AQS #3,ubc air quality sensor,,2021-07-30 19:14:08 UTC
184145,Player #35640,Go hiking,ubc air quality sensor,"Sometimes I like to just switch off. If you had no internet for a day, what would you do?",2021-07-30 19:10:29 UTC
184144,Player #35640,Nightmare,ubc air quality sensor,What is your biggest fear?,2021-07-30 19:09:40 UTC
184143,Player #35640,Sleep,ubc air quality sensor,"Do you see an idling (running, but not moving) bus or vehicle? (Yes, No)",2021-07-30 19:09:20 UTC
184142,Player #35640,Yes,ubc air quality sensor,"Do you drive to campus? 🚗 (Yes, No)",2021-07-30 19:08:56 UTC
184141,Player #35640,Real time air quality,ubc air quality sensor,What do you think RAMP stands for?,2021-07-30 19:08:48 UTC
184140,Player #35640,Hello AQS #7,ubc air quality sensor,,2021-07-30 19:08:17 UTC
184139,Player #35642,Carbon monoxide,ubc air quality sensor,I'm here to identify different sources of pollution - can you name any?,2021-07-30 19:06:59 UTC
184138,Player #35642,No,ubc air quality sensor,"Do you drive to campus? 🚗 (Yes, No)",2021-07-30 19:06:47 UTC
184137,Player #35642,To monitor air quality,ubc air quality sensor,Why do you think I have been put here?,2021-07-30 19:06:37 UTC
184136,Player #35642,Yes,ubc air quality sensor,"Do you suffer from asthma attacks? (Yes, No)",2021-07-30 19:06:22 UTC
184135,Player #35642,Low,ubc air quality sensor,"Do you think UBC's campus has been deemed 'Low-Risk' or 'High-Risk', by British Columbia's Air Quality Health Index? ",2021-07-30 19:06:09 UTC
184134,Player #35642,Hello AQS #8,ubc air quality sensor,,2021-07-30 19:05:17 UTC
184133,Player #35641,Sleep,ubc air quality sensor,"Sometimes I like to just switch off. If you had no internet for a day, what would you do?",2021-07-30 19:04:37 UTC
184132,Player #35641,Sleep,ubc air quality sensor,"I think it's cool that we can chat like this. If you could invent your own technology, what would it do?",2021-07-30 19:04:04 UTC
184131,Player #35641,Sleeping bed,ubc air quality sensor,"Universities are pretty good at preserving history, but what would you put in a time capsule if you knew it would be dug up in 100 years?",2021-07-30 19:03:37 UTC
184130,Player #35641,Sleeping in my bed,ubc air quality sensor,"If you could live anywhere, where would it be?",2021-07-30 19:03:18 UTC
184129,Player #35641,Sleeping,ubc air quality sensor,Where do you see yourself in five years?,2021-07-30 19:03:00 UTC
184128,Player #35641,Hello AQS #7,ubc air quality sensor,,2021-07-30 19:02:42 UTC
184127,Player #35641,No,ubc air quality sensor,I enjoy chatting to the people who stop by here. Do you think technology helps you to feel part of your local community?,2021-07-30 19:01:51 UTC
184126,Player #35641,No time,ubc air quality sensor,How long does it take you to get ready in the morning?,2021-07-30 19:01:38 UTC
184125,Player #35641,Idk,ubc air quality sensor,What do you think RAMP stands for?,2021-07-30 19:01:21 UTC
184124,Player #35641,No,ubc air quality sensor,"Do you drive to campus? 🚗 (Yes, No)",2021-07-30 19:01:10 UTC
184123,Player #35641,No,ubc air quality sensor,I'm here to identify different sources of pollution - can you name any?,2021-07-30 19:01:02 UTC
184122,Player #35641,Hello AQS #6,ubc air quality sensor,,2021-07-30 19:00:51 UTC
184121,Player #35641,No,ubc air quality sensor,"Do you see an idling (running, but not moving) bus or vehicle? (Yes, No)",2021-07-30 18:59:52 UTC
184120,Player #35641,Low,ubc air quality sensor,"Do you think UBC's campus has been deemed 'Low-Risk' or 'High-Risk', by British Columbia's Air Quality Health Index? ",2021-07-30 18:59:36 UTC
184119,Player #35641,No,ubc air quality sensor,"Do you suffer from asthma attacks? (Yes, No)",2021-07-30 18:59:18 UTC
184118,Player #35641,Yes,ubc air quality sensor,"Do you like to get involved in recreational activities around UBC? (Yes, No)",2021-07-30 18:59:09 UTC
184117,Player #35641,So you can get my number 😉,ubc air quality sensor,Why do you think I have been put here?,2021-07-30 18:58:57 UTC
184116,Player #35641,Hello AQS #4,ubc air quality sensor,,2021-07-30 18:58:21 UTC
184101,Player #35640,Low-Risk',ubc air quality sensor,"Do you think UBC's campus has been deemed 'Low-Risk' or 'High-Risk', by British Columbia's Air Quality Health Index? ",2021-07-30 18:18:56 UTC
184100,Player #35640,Yes,ubc air quality sensor,"Do you like to get involved in recreational activities around UBC? (Yes, No)",2021-07-30 18:18:42 UTC
184099,Player #35640,Yes,ubc air quality sensor,"Do you suffer from asthma attacks? (Yes, No)",2021-07-30 18:18:30 UTC
184098,Player #35640,I don't know,ubc air quality sensor,Why do you think I have been put here?,2021-07-30 18:18:07 UTC
184097,Player #35640,What's my air quality ?,ubc air quality sensor,I'm here to identify different sources of pollution - can you name any?,2021-07-30 18:16:46 UTC
184096,Player #35640,Hello AQS #5,ubc air quality sensor,,2021-07-30 18:16:31 UTC
183606,Player #29403,yes,ubc air quality sensor,Do you think technology in the future will be more emotional?,2021-07-30 06:24:51 UTC
183605,Player #29403,you are!,ubc air quality sensor,Who is your hero?,2021-07-30 06:24:32 UTC
183604,Player #29403,they will improve,ubc air quality sensor,How do you think smartphones will affect family relationships in the future?,2021-07-30 06:24:16 UTC
183603,Player #29403,smoke,ubc air quality sensor,What really makes you angry?,2021-07-30 06:23:52 UTC
183602,Player #29403,High-Risk',ubc air quality sensor,"Do you think UBC's campus has been deemed 'Low-Risk' or 'High-Risk', by British Columbia's Air Quality Health Index? ",2021-07-30 06:23:40 UTC
183601,Player #29403,Hello AQS #2,ubc air quality sensor,,2021-07-30 06:23:33 UTC
183600,Player #29403,yes,ubc air quality sensor,"Do you drive to campus? 🚗 (Yes, No)",2021-07-30 06:23:22 UTC
183599,Player #29403,cara,ubc air quality sensor,I'm here to identify different sources of pollution - can you name any?,2021-07-30 06:22:04 UTC
183598,Player #29403,monitoring,ubc air quality sensor,Why do you think I have been put here?,2021-07-30 06:21:47 UTC
183597,Player #29403,no idea,ubc air quality sensor,What do you think RAMP stands for?,2021-07-30 06:21:34 UTC
183596,Player #29403,no,ubc air quality sensor,"Do you suffer from asthma attacks? (Yes, No)",2021-07-30 06:21:24 UTC
183595,Player #29403,Hello AQS #2,ubc air quality sensor,,2021-07-30 06:21:17 UTC
183593,Player #35545,Hello AQS #6,ubc air quality sensor,,2021-07-30 03:48:52 UTC
183591,Player #27817,Shit,ubc air quality sensor,I'm here to identify different sources of pollution - can you name any?,2021-07-30 00:27:27 UTC
183590,Player #27817,No,ubc air quality sensor,"Do you drive to campus? 🚗 (Yes, No)",2021-07-30 00:27:10 UTC
183589,Player #27817,Not,ubc air quality sensor,"Do you suffer from asthma attacks? (Yes, No)",2021-07-30 00:27:00 UTC
183588,Player #27817,Hello AQS #5,ubc air quality sensor,,2021-07-30 00:26:51 UTC
183587,Player #29403,Yes,ubc air quality sensor,"Do you like to get involved in recreational activities around UBC? (Yes, No)",2021-07-30 00:22:52 UTC
183586,Player #29403,No,ubc air quality sensor,"Do you see an idling (running, but not moving) bus or vehicle? (Yes, No)",2021-07-30 00:22:01 UTC
183585,Player #29403,Hello AQS #2,ubc air quality sensor,,2021-07-30 00:19:38 UTC
183577,Player #35542,No,ubc air quality sensor,Why do you think I have been put here?,2021-07-30 00:04:50 UTC
183576,Player #35542,No,ubc air quality sensor,"Do you suffer from asthma attacks? (Yes, No)",2021-07-30 00:04:32 UTC
183575,Player #35542,Low-Risk,ubc air quality sensor,"Do you think UBC's campus has been deemed 'Low-Risk' or 'High-Risk', by British Columbia's Air Quality Health Index? ",2021-07-30 00:04:05 UTC
183574,Player #35542,HELLO AQS #6,ubc air quality sensor,,2021-07-30 00:02:54 UTC
183487,Player #35531,Hello AQS #7,ubc air quality sensor,,2021-07-29 18:16:26 UTC
183458,Player #35524,No,ubc air quality sensor,"Do you drive to campus? 🚗 (Yes, No)",2021-07-29 17:29:05 UTC
183457,Player #35524,Yes,ubc air quality sensor,"Do you like to get involved in recreational activities around UBC? (Yes, No)",2021-07-29 17:28:55 UTC
183456,Player #35524,random air matter particulates,ubc air quality sensor,What do you think RAMP stands for?,2021-07-29 17:28:46 UTC
183455,Player #35524,No,ubc air quality sensor,"Do you see an idling (running, but not moving) bus or vehicle? (Yes, No)",2021-07-29 17:28:22 UTC
183454,Player #35524,No,ubc air quality sensor,"Do you suffer from asthma attacks? (Yes, No)",2021-07-29 17:28:09 UTC
183453,Player #35524,HELLO AQS #6,ubc air quality sensor,,2021-07-29 17:27:53 UTC
183057,Player #35419,Hello AQS #8,ubc air quality sensor,,2021-07-29 02:18:01 UTC
183056,Player #35418,Hello AQS #6,ubc air quality sensor,,2021-07-29 01:49:32 UTC
182612,Player #35330,5,ubc air quality sensor,"On a scale of 1-5, what do you think of the air quality on UBC's campus? (1 being very poor, 5 being very good). ",2021-07-28 05:44:42 UTC
182611,Player #35330,Yes,ubc air quality sensor,"Do you like to get involved in recreational activities around UBC? (Yes, No)",2021-07-28 05:44:15 UTC
182610,Player #35330,Yes,ubc air quality sensor,"Would you like to receive notifications about air quality via your mobile phone? 📲 (Yes, No)",2021-07-28 05:44:09 UTC
182609,Player #35330,Wildfires,ubc air quality sensor,"In your opinion, which environmental impact is of most concern to UBC/Vancouver? 🌍",2021-07-28 05:44:01 UTC
182608,Player #35330,Low risk,ubc air quality sensor,"Do you think UBC's campus has been deemed 'Low-Risk' or 'High-Risk', by British Columbia's Air Quality Health Index? ",2021-07-28 05:43:00 UTC
182607,Player #35330,Hello AQS #7,ubc air quality sensor,,2021-07-28 05:42:33 UTC
182605,Player #25003,No,ubc air quality sensor,"Do you drive to campus? 🚗 (Yes, No)",2021-07-28 02:14:51 UTC
182604,Player #25003,Deforestation of old growth forests,ubc air quality sensor,What environmental impact should be of most concern to UBC/Vancouver? 🌍,2021-07-28 01:55:26 UTC
182603,Player #25003,Hello AQS #2,ubc air quality sensor,,2021-07-28 01:53:16 UTC
182596,Player #35327,Low,ubc air quality sensor,"Would you rather 'High-quality' sensors at a few locations on UBC's campus, or 'Low-cost' sensors at every intersection on UBC campus? Please respond to this message with 'High' or 'Low'.",2021-07-27 21:32:09 UTC
182595,Player #35327,Busses,ubc air quality sensor,"In your opinion, what are the biggest sources of air pollution on UBC's campus? ",2021-07-27 21:31:45 UTC
182594,Player #35327,No,ubc air quality sensor,"Do you drive to campus? 🚗 (Yes, No)",2021-07-27 21:31:29 UTC
182593,Player #35327,"Traffic, restaurants",ubc air quality sensor,I'm here to identify different sources of pollution - can you name any?,2021-07-27 21:31:18 UTC
182592,Player #35327,Yes,ubc air quality sensor,"In addition to the air quality sensors around UBC, would you like to see air quality sensors around your home and near major traffic intersections? (Yes, No)",2021-07-27 21:30:56 UTC
182591,Player #35327,Hello AQS #5,ubc air quality sensor,,2021-07-27 21:30:37 UTC
182586,Player #35324,Haze,ubc air quality sensor,What are indicators of poor air quality?,2021-07-27 18:47:32 UTC
182585,Player #35324,Rapid air multipollutant,ubc air quality sensor,What do you think RAMP stands for?,2021-07-27 18:47:23 UTC
182584,Player #35324,Ozone,ubc air quality sensor,What kind of air pollution annoys you the most? 😡,2021-07-27 18:46:56 UTC
182583,Player #35324,Often,ubc air quality sensor,How often do you think about air pollution and the dangers it has on your health?,2021-07-27 18:46:46 UTC
182582,Player #35324,Yes,ubc air quality sensor,"In addition to the air quality sensors around UBC, would you like to see air quality sensors around your home and near major traffic intersections? (Yes, No)",2021-07-27 18:46:36 UTC
182581,Player #35324,Hello AQS #5,ubc air quality sensor,,2021-07-27 18:46:24 UTC
182539,Player #35315,No,ubc air quality sensor,Is there a particular period of the day ⏰when you notice air quality becoming worse?,2021-07-27 17:28:22 UTC
182538,Player #35315,Smokey,ubc air quality sensor,What are indicators of poor air quality?,2021-07-27 17:28:08 UTC
182537,Player #35315,No,ubc air quality sensor,"Do you feel like you know a lot about air pollution on UBC campus? (Yes, No)",2021-07-27 17:27:34 UTC
182536,Player #35315,Hello AQS,ubc air quality sensor,,2021-07-27 17:27:06 UTC
182129,Player #35236,Weather app,ubc air quality sensor,"Do you receive information about poor air quality? If so, how? 💻 💬 ",2021-07-26 23:13:35 UTC
182128,Player #35236,"Summer, during forest fire season",ubc air quality sensor,Is there a particular season when you notice air quality becoming worse?,2021-07-26 22:45:55 UTC
182127,Player #35236,For longitudinal monitoring of air quality,ubc air quality sensor,Why do you think I have been put here?,2021-07-26 22:44:18 UTC
182126,Player #35236,No,ubc air quality sensor,"Do you suffer from asthma attacks? (Yes, No)",2021-07-26 22:42:40 UTC
182125,Player #35236,"Low breathability, high particulate matter levels",ubc air quality sensor,What are indicators of poor air quality?,2021-07-26 22:42:26 UTC
182124,Player #35236,HELLO AQS #6,ubc air quality sensor,,2021-07-26 22:41:08 UTC
182093,Player #35231,Hello AQS #1,ubc air quality sensor,,2021-07-26 18:53:52 UTC
181775,Player #35163,No,ubc air quality sensor,"Do you receive information about poor air quality? If so, how? 💻 💬 ",2021-07-26 06:10:53 UTC
181774,Player #35163,I don't know,ubc air quality sensor,What are indicators of poor air quality?,2021-07-26 06:10:40 UTC
181773,Player #35163,Yes,ubc air quality sensor,"In addition to the air quality sensors around UBC, would you like to see air quality sensors around your home and near major traffic intersections? (Yes, No)",2021-07-26 06:10:29 UTC
181772,Player #35163,Rarely,ubc air quality sensor,How often do you think about air pollution and the dangers it has on your health?,2021-07-26 06:10:08 UTC
181771,Player #35163,"Honestly, at this point, CO2 is the biggest issue",ubc air quality sensor,What environmental impact should be of most concern to UBC/Vancouver? 🌍,2021-07-26 06:09:49 UTC
181770,Player #35163,Hello aqs #6,ubc air quality sensor,,2021-07-26 06:08:57 UTC
181768,Player #25003,Rough air matter particulate,ubc air quality sensor,What do you think RAMP stands for?,2021-07-26 05:38:02 UTC
181767,Player #25003,No,ubc air quality sensor,"Do you suffer from asthma attacks? (Yes, No)",2021-07-26 05:35:42 UTC
181766,Player #25003,Yes,ubc air quality sensor,"Would you like to receive notifications about air quality via your mobile phone? 📲 (Yes, No)",2021-07-26 05:35:35 UTC
181765,Player #25003,Very often!,ubc air quality sensor,How often do you think about air pollution and the dangers it has on your health?,2021-07-26 05:35:25 UTC
181764,Player #25003,Less construction!,ubc air quality sensor,How can we improve air quality around UBC?,2021-07-26 05:35:16 UTC
181763,Player #25003,Hello AQS #5,ubc air quality sensor,,2021-07-26 05:34:57 UTC
181762,Player #35162,Online news (e.g cbc online),ubc air quality sensor,"Do you receive information about poor air quality? If so, how? 💻 💬 ",2021-07-26 05:03:26 UTC
181761,Player #35162,Vehicles,ubc air quality sensor,I'm here to identify different sources of pollution - can you name any?,2021-07-26 05:03:01 UTC
181760,Player #35162,Low risk,ubc air quality sensor,"Do you think UBC's campus has been deemed 'Low-Risk' or 'High-Risk', by British Columbia's Air Quality Health Index? ",2021-07-26 05:02:42 UTC
181759,Player #35162,No,ubc air quality sensor,"Would you like to talk to an air quality scientist at UBC? (Yes, No) If yes, please let me know your name and email address and I'll pass your contact details on.",2021-07-26 05:02:32 UTC
181758,Player #35162,Bad smelling air,ubc air quality sensor,What are indicators of poor air quality?,2021-07-26 05:02:17 UTC
181757,Player #35162,Hello AQS #7,ubc air quality sensor,,2021-07-26 05:01:43 UTC
181756,Player #35161,No,ubc air quality sensor,"Do you like to get involved in recreational activities around UBC? (Yes, No)",2021-07-26 02:53:02 UTC
181755,Player #35161,Maybe,ubc air quality sensor,Is there a particular period of the day ⏰when you notice air quality becoming worse?,2021-07-26 02:52:33 UTC
181754,Player #35161,Yes,ubc air quality sensor,"In addition to the air quality sensors around UBC, would you like to see air quality sensors around your home and near major traffic intersections? (Yes, No)",2021-07-26 02:52:16 UTC
181753,Player #35161,HELLO AQS #6,ubc air quality sensor,,2021-07-26 02:51:50 UTC
181609,Player #35110,Hello AQS #1,ubc air quality sensor,,2021-07-24 22:38:56 UTC
181576,Player #35103,Hello AQS #5 how's the air?,ubc air quality sensor,,2021-07-24 17:43:24 UTC
181549,Player #29560,I’m not sure,ubc air quality sensor,"In your opinion, which environmental impact is of most concern to UBC/Vancouver? 🌍",2021-07-24 16:09:35 UTC
181548,Player #29560,Yes,ubc air quality sensor,"In addition to the air quality sensors around UBC, would you like to see air quality sensors around your home and near major traffic intersections? (Yes, No)",2021-07-24 16:09:22 UTC
181547,Player #29560,To educate people,ubc air quality sensor,Why do you think I have been put here?,2021-07-24 16:08:56 UTC
181546,Player #29560,Roads always mop pantries,ubc air quality sensor,What do you think RAMP stands for?,2021-07-24 16:08:38 UTC
181545,Player #29560,No,ubc air quality sensor,"Would you like to receive notifications about air quality via your mobile phone? 📲 (Yes, No)",2021-07-24 16:08:16 UTC
181544,Player #29560,HELLO AQS #6,ubc air quality sensor,,2021-07-24 16:08:06 UTC
181327,Player #35044,Cars,ubc air quality sensor,What kind of air pollution annoys you the most? 😡,2021-07-23 22:17:58 UTC
181326,Player #35044,There is high traffic in the Vicinity since it's next to the bus loop,ubc air quality sensor,Why do you think I have been put here?,2021-07-23 22:17:42 UTC
181325,Player #35044,No,ubc air quality sensor,"Do you suffer from asthma attacks? (Yes, No)",2021-07-23 22:17:12 UTC
181324,Player #35044,Cars,ubc air quality sensor,I'm here to identify different sources of pollution - can you name any?,2021-07-23 22:16:52 UTC
181323,Player #35044,No,ubc air quality sensor,"Do you see an idling (running, but not moving) bus or vehicle? (Yes, No)",2021-07-23 22:16:32 UTC
181322,Player #35044,Hello aqs #7,ubc air quality sensor,,2021-07-23 22:16:10 UTC
181318,Player #35043,yes,ubc air quality sensor,"Would you like to receive notifications about air quality via your mobile phone? 📲 (Yes, No)",2021-07-23 20:50:52 UTC
181317,Player #35043,no,ubc air quality sensor,"Do you suffer from asthma attacks? (Yes, No)",2021-07-23 20:50:14 UTC
181316,Player #35043,today,ubc air quality sensor,Is there a particular period of the day ⏰when you notice air quality becoming worse?,2021-07-23 20:50:05 UTC
181315,Player #35043,Hello AQS #2,ubc air quality sensor,,2021-07-23 20:49:40 UTC
181314,Player #35042,A few,ubc air quality sensor,I'm here to identify different sources of pollution - can you name any?,2021-07-23 20:14:43 UTC
181313,Player #35042,Yes,ubc air quality sensor,"In addition to the air quality sensors around UBC, would you like to see air quality sensors around your home and near major traffic intersections? (Yes, No)",2021-07-23 20:10:20 UTC
181312,Player #35042,Yes,ubc air quality sensor,"Do you like to get involved in recreational activities around UBC? (Yes, No)",2021-07-23 20:09:57 UTC
181311,Player #35042,Hello AQS #5,ubc air quality sensor,,2021-07-23 20:09:31 UTC
181278,Player #35034,Hello AQS #6,ubc air quality sensor,,2021-07-23 18:07:13 UTC
181126,Player #35006,HELLO AQS #8,ubc air quality sensor,,2021-07-23 06:13:31 UTC
181125,Player #35005,Hello AQS #6,ubc air quality sensor,,2021-07-23 02:33:53 UTC
181087,Player #34999,No clue?,ubc air quality sensor,What do you think RAMP stands for?,2021-07-22 20:25:35 UTC
181086,Player #34999,Hello AQS #2,ubc air quality sensor,,2021-07-22 20:25:06 UTC
180973,Player #34985,"I think Vancouver is pretty clean, so just when forest fire smoke blows over is probably when I'm most exposed ",ubc air quality sensor,Where do you think you are exposed to the most air pollution?,2021-07-22 15:53:41 UTC
180969,Player #34985,"It's pretty good here, maybe just some improved air flown in dorms would be nice ",ubc air quality sensor,How can we improve air quality around UBC?,2021-07-22 15:52:24 UTC
180966,Player #34985,Rising sea levels and heat waves,ubc air quality sensor,"In your opinion, which environmental impact is of most concern to UBC/Vancouver? 🌍",2021-07-22 15:51:50 UTC
180964,Player #34985,No,ubc air quality sensor,"Do you drive to campus? 🚗 (Yes, No)",2021-07-22 15:51:26 UTC
180963,Player #34985,Yes,ubc air quality sensor,"Would you like to receive notifications about air quality via your mobile phone? 📲 (Yes, No)",2021-07-22 15:51:19 UTC
180961,Player #34985,Hello AQS #6,ubc air quality sensor,,2021-07-22 15:50:57 UTC
180876,Player #34969,No,ubc air quality sensor,"Do you feel like you know a lot about air pollution on UBC campus? (Yes, No)",2021-07-22 13:12:46 UTC
180873,Player #34969,Hello AQS #1,ubc air quality sensor,,2021-07-22 13:11:56 UTC
180660,Player #34938,Yes,ubc air quality sensor,"Do you like to get involved in recreational activities around UBC? (Yes, No)",2021-07-22 01:13:48 UTC
180659,Player #34938,No,ubc air quality sensor,Is there a particular period of the day ⏰when you notice air quality becoming worse?,2021-07-22 01:13:43 UTC
180658,Player #34938,Hello AQS #6,ubc air quality sensor,,2021-07-22 01:13:14 UTC
180651,Player #34937,Hello AQS #7,ubc air quality sensor,,2021-07-21 23:22:21 UTC
180637,Player #34932,Hello AQS #1,ubc air quality sensor,,2021-07-21 19:30:34 UTC
180595,Player #12947,No,ubc air quality sensor,"Do you see an idling (running, but not moving) bus or vehicle? (Yes, No)",2021-07-21 18:12:22 UTC
180594,Player #12947,No,ubc air quality sensor,"Do you suffer from asthma attacks? (Yes, No)",2021-07-21 18:12:07 UTC
180592,Player #12947,Parking garage,ubc air quality sensor,Where do you think you are exposed to the most air pollution?,2021-07-21 18:11:56 UTC
180590,Player #12947,Low risk,ubc air quality sensor,"Do you think UBC's campus has been deemed 'Low-Risk' or 'High-Risk', by British Columbia's Air Quality Health Index? ",2021-07-21 18:11:19 UTC
180584,Player #12947,Cars,ubc air quality sensor,I'm here to identify different sources of pollution - can you name any?,2021-07-21 18:10:49 UTC
180582,Player #12947,Hello AQS #5,ubc air quality sensor,,2021-07-21 18:10:35 UTC
180481,Player #34909,test,ubc air quality sensor,What do you think RAMP stands for?,2021-07-21 12:34:35 UTC
180480,Player #34909,no,ubc air quality sensor,"Do you like to get involved in recreational activities around UBC? (Yes, No)",2021-07-21 12:34:22 UTC
180479,Player #34909,yes,ubc air quality sensor,"Do you drive to campus? 🚗 (Yes, No)",2021-07-21 12:34:13 UTC
180478,Player #34909,no,ubc air quality sensor,"Would you like to receive notifications about air quality via your mobile phone? 📲 (Yes, No)",2021-07-21 12:34:06 UTC
180477,Player #34909,test,ubc air quality sensor,"In your opinion, what are the biggest sources of air pollution on UBC's campus? ",2021-07-21 12:33:55 UTC
180476,Player #34909,hello aqs #2,ubc air quality sensor,,2021-07-21 12:33:44 UTC
180474,Player #34909,test,ubc air quality sensor,How can we improve air quality around UBC?,2021-07-21 12:32:12 UTC
180473,Player #34909,test,ubc air quality sensor,"Do you receive information about poor air quality? If so, how? 💻 💬 ",2021-07-21 12:32:06 UTC
180472,Player #34909,5,ubc air quality sensor,"On a scale of 1-5, what do you think of the air quality on UBC's campus? (1 being very poor, 5 being very good). ",2021-07-21 12:31:22 UTC
180471,Player #34909,cars,ubc air quality sensor,"In your opinion, which environmental impact is of most concern to UBC/Vancouver? 🌍",2021-07-21 12:30:41 UTC
180470,Player #34909,test,ubc air quality sensor,Where do you think you are exposed to the most air pollution?,2021-07-21 12:30:21 UTC
180469,Player #34909,Hello aqs #1,ubc air quality sensor,,2021-07-21 12:26:48 UTC
180444,Player #34907,test,ubc air quality sensor,How often do you think about air pollution and the dangers it has on your health?,2021-07-21 11:41:06 UTC
180443,Player #34907,test,ubc air quality sensor,Why do you think I have been put here?,2021-07-21 11:41:03 UTC
180442,Player #34907,test,ubc air quality sensor,"Do you drive to campus? 🚗 (Yes, No)",2021-07-21 11:41:00 UTC
180441,Player #34907,test,ubc air quality sensor,How can we improve air quality around UBC?,2021-07-21 11:40:58 UTC
180440,Player #34907,test,ubc air quality sensor,Is there a particular period of the day ⏰when you notice air quality becoming worse?,2021-07-21 11:40:56 UTC
180439,Player #34907,Hello AQS #8,ubc air quality sensor,,2021-07-21 11:40:53 UTC
180438,Player #34906,No,ubc air quality sensor,"Are you satisfied with the current modes of communication (news) regarding air pollution exposure, around campus? (Yes, No) If no, how can it be improved?",2021-07-21 11:40:01 UTC
180437,Player #34906,Test,ubc air quality sensor,What environmental impact should be of most concern to UBC/Vancouver? 🌍,2021-07-21 11:39:56 UTC
180436,Player #34906,Yes,ubc air quality sensor,"Would you like to receive notifications about air quality via your mobile phone? 📲 (Yes, No)",2021-07-21 11:39:51 UTC
180435,Player #34906,Low,ubc air quality sensor,"Would you rather 'High-quality' sensors at a few locations on UBC's campus, or 'Low-cost' sensors at every intersection on UBC campus? Please respond to this message with 'High' or 'Low'.",2021-07-21 11:39:46 UTC
180434,Player #34906,Hello AQS #6,ubc air quality sensor,,2021-07-21 11:39:42 UTC
180433,Player #34905,Hello AQS #5,ubc air quality sensor,,2021-07-21 11:39:29 UTC
180431,Player #34904,test,ubc air quality sensor,"Do you see an idling (running, but not moving) bus or vehicle? (Yes, No)",2021-07-21 11:38:05 UTC
180430,Player #34904,tets,ubc air quality sensor,Is there a particular period of the day ⏰when you notice air quality becoming worse?,2021-07-21 11:38:03 UTC
180429,Player #34904,test,ubc air quality sensor,What are indicators of poor air quality?,2021-07-21 11:38:00 UTC
180428,Player #34904,High,ubc air quality sensor,"Would you rather 'High-quality' sensors at a few locations on UBC's campus, or 'Low-cost' sensors at every intersection on UBC campus? Please respond to this message with 'High' or 'Low'.",2021-07-21 11:37:57 UTC
180427,Player #34904,Hello AQS #4,ubc air quality sensor,,2021-07-21 11:37:50 UTC
180426,Player #34903,test,ubc air quality sensor,How do you think smartphones will affect family relationships in the future?,2021-07-21 11:34:18 UTC
180425,Player #34903,tets,ubc air quality sensor,What environmental impact should be of most concern to UBC/Vancouver? 🌍,2021-07-21 11:33:53 UTC
180424,Player #34903,test,ubc air quality sensor,Is there a particular season when you notice air quality becoming worse?,2021-07-21 11:33:46 UTC
180423,Player #34903,test,ubc air quality sensor,"In your opinion, what are the biggest sources of air pollution on UBC's campus? ",2021-07-21 11:33:41 UTC
180422,Player #34903,test,ubc air quality sensor,How can we improve air quality around UBC?,2021-07-21 11:33:37 UTC
180421,Player #34903,Hello AQS #3,ubc air quality sensor,,2021-07-21 11:33:33 UTC
180383,Player #34897,test,ubc air quality sensor,I'm here to identify different sources of pollution - can you name any?,2021-07-21 11:04:15 UTC
180382,Player #34897,Hello AQS #1,ubc air quality sensor,,2021-07-21 11:04:05 UTC
180377,Player #34893,test,ubc air quality sensor,How long does it take you to get ready in the morning?,2021-07-21 10:57:35 UTC
180375,Player #34893,tets,ubc air quality sensor,What do you think RAMP stands for?,2021-07-21 10:57:30 UTC
180374,Player #34893,Hello AQS #1,ubc air quality sensor,,2021-07-21 10:57:23 UTC
180288,Player #34875,Hello AQS #1,ubc air quality sensor,,2021-07-21 06:39:18 UTC
180263,,Hello AQS #1,ubc air quality sensor,,2021-07-20 20:32:58 UTC
180202,Player #34860,test,ubc air quality sensor,"Do you like to get involved in recreational activities around UBC? (Yes, No)",2021-07-20 15:40:18 UTC
180201,Player #34860,Hello AQS #4,ubc air quality sensor,,2021-07-20 15:40:11 UTC
180200,Player #34859,Hello AQS #6,ubc air quality sensor,,2021-07-20 15:32:25 UTC
180199,Player #34859,Hello AQS #3,ubc air quality sensor,,2021-07-20 15:29:06 UTC
180198,Player #34858,Hello AQS #2,ubc air quality sensor,,2021-07-20 15:27:23 UTC
180197,Player #34857,Hello AQS #1,ubc air quality sensor,,2021-07-20 15:19:09 UTC
180194,Player #34855,test,ubc air quality sensor,Are you an introvert or an extrovert?,2021-07-20 14:51:44 UTC
180193,Player #34855,test,ubc air quality sensor,"If money was no object, what would you do all day?",2021-07-20 14:51:39 UTC
180192,Player #34855,test,ubc air quality sensor,"Before talking to me, what was the last thing you used your phone for?",2021-07-20 14:51:34 UTC
180191,Player #34855,test,ubc air quality sensor,Where do you think you are exposed to the most air pollution?,2021-07-20 14:51:24 UTC
180190,Player #34855,Hello Air Quality,ubc air quality sensor,,2021-07-20 14:50:51 UTC
,,,,,
,,,,,
,,,,,
,,,,,
,,,,,
,,,,,
,,,,,
,,,,,
,,,,,
,,,,,
,,,,,
,,,,,
,,,,,
,,,,,
,,,,,
,,,,,
,,,,,
,,,,,
,,,,,
,,,,,
,,,,,
,,,,,
,,,,,
,,,,,
,,,,,
,,,,,
,,,,,
,,,,,
,,,,,
,,,,,
,,,,,
,,,,,
,,,,,
,,,,,
,,,,,
,,,,,
,,,,,
,,,,,
,,,,,
,,,,,
,,,,,
,,,,,
,,,,,
,,,,,
,,,,,
,,,,,
,,,,,
,,,,,
,,,,,
,,,,,
,,,,,
,,,,,
,,,,,
,,,,,
,,,,,
,,,,,
,,,,,
,,,,,
,,,,,
,,,,,
,,,,,
,,,,,
,,,,,
,,,,,
,,,,,
,,,,,
,,,,,
,,,,,
,,,,,
,,,,,
,,,,,
,,,,,
,,,,,
,,,,,
,,,,,
,,,,,
,,,,,
,,,,,
,,,,,
,,,,,
,,,,,
,,,,,
,,,,,
,,,,,
,,,,,
,,,,,
,,,,,
,,,,,
,,,,,
,,,,,
,,,,,
,,,,,
,,,,,
,,,,,
,,,,,
,,,,,
,,,,,
,,,,,
,,,,,
,,,,,
,,,,,
,,,,,
,,,,,
,,,,,
,,,,,
,,,,,
,,,,,
,,,,,
,,,,,
,,,,,
,,,,,
,,,,,
,,,,,
,,,,,
,,,,,
,,,,,
,,,,,
,,,,,
,,,,,
,,,,,
,,,,,
,,,,,
,,,,,
,,,,,
,,,,,
,,,,,
,,,,,
,,,,,
,,,,,
,,,,,
,,,,,
,,,,,
,,,,,
,,,,,
,,,,,
,,,,,
,,,,,
,,,,,
,,,,,
,,,,,
,,,,,
,,,,,
,,,,,
,,,,,
,,,,,
,,,,,
,,,,,
,,,,,
,,,,,
,,,,,
,,,,,
,,,,,
,,,,,
,,,,,
,,,,,
,,,,,
,,,,,
,,,,,
,,,,,
,,,,,
,,,,,
,,,,,
,,,,,
,,,,,
,,,,,
,,,,,
,,,,,
,,,,,
,,,,,
,,,,,
,,,,,
,,,,,
,,,,,
,,,,,
,,,,,
,,,,,
,,,,,
,,,,,
,,,,,
,,,,,
,,,,,
,,,,,
,,,,,
,,,,,
,,,,,
,,,,,
,,,,,
,,,,,
,,,,,
,,,,,
,,,,,
,,,,,
,,,,,
,,,,,
,,,,,
,,,,,
,,,,,
,,,,,
,,,,,
,,,,,
,,,,,
,,,,,
,,,,,
,,,,,
,,,,,
,,,,,
,,,,,
,,,,,
,,,,,
,,,,,
,,,,,
,,,,,
,,,,,
,,,,,
,,,,,
,,,,,
,,,,,
,,,,,
,,,,,
,,,,,
,,,,,
,,,,,
,,,,,
,,,,,
,,,,,
,,,,,
,,,,,
,,,,,
,,,,,
,,,,,
,,,,,
,,,,,
,,,,,
,,,,,
,,,,,
,,,,,
,,,,,
,,,,,
,,,,,
,,,,,
,,,,,
,,,,,
,,,,,
,,,,,
,,,,,
,,,,,
,,,,,
,,,,,
,,,,,
,,,,,
,,,,,
,,,,,
,,,,,
,,,,,
,,,,,
,,,,,
,,,,,
,,,,,
,,,,,
,,,,,
,,,,,
,,,,,
,,,,,
,,,,,
,,,,,
,,,,,
,,,,,
,,,,,
,,,,,
,,,,,
,,,,,
,,,,,
,,,,,
,,,,,
,,,,,
,,,,,
,,,,,
,,,,,
,,,,,
,,,,,
,,,,,
,,,,,
,,,,,
,,,,,
,,,,,
,,,,,
,,,,,
,,,,,
,,,,,
,,,,,
,,,,,
,,,,,
,,,,,
,,,,,
,,,,,
,,,,,
,,,,,
,,,,,
,,,,,
,,,,,
,,,,,
,,,,,
,,,,,
,,,,,
,,,,,
,,,,,
,,,,,
,,,,,
,,,,,
,,,,,
,,,,,
,,,,,
,,,,,
,,,,,
,,,,,
,,,,,
,,,,,
,,,,,
,,,,,
,,,,,
,,,,,
,,,,,
,,,,,
,,,,,
,,,,,
,,,,,
,,,,,
,,,,,
,,,,,
,,,,,
,,,,,
,,,,,
,,,,,
,,,,,
,,,,,